source_name,tokenized_review,tokenized_review
credo,skin,756
credo,‚Äô,411
credo,sunscreen,341
credo,feel,306
credo,really,209
credo,use,197
credo,go,158
credo,nice,135
credo,smell,135
credo,make,130
credo,well,129
credo,moisturizer,127
credo,light,124
credo,cast,119
credo,dry,118
credo,cleanser,113
credo,work,113
credo,acne,112
credo,one,112
credo,little,111
credo,clean,106
credo,leave,103
credo,texture,103
credo,kinship,102
credo,makeup,97
credo,would,95
credo,spf,92
credo,oily,89
credo,scent,89
credo,used,88
credo,look,87
credo,time,85
credo,amazing,83
credo,leaf,83
credo,sensitive,83
credo,without,83
credo,cream,82
credo,much,81
credo,eye,79
credo,feeling,78
credo,super,78
credo,breakout,77
credo,product,77
credo,glow,74
credo,price,74
credo,smooth,74
credo,week,74
credo,greasy,73
credo,tried,73
credo,mask,72
credo,moisturizing,72
credo,oil,68
credo,definitely,67
credo,way,67
credo,first,62
credo,looking,61
credo,new,61
credo,bit,59
credo,give,59
credo,long,59
credo,help,57
credo,think,57
credo,morning,53
credo,night,53
credo,pimple,53
credo,wear,53
credo,gentle,50
credo,still,47
credo,break,46
credo,need,45
credo,pad,45
credo,perfect,45
credo,every,44
credo,favorite,44
credo,ingredient,44
credo,soft,44
credo,heavy,43
credo,put,43
credo,hydrating,42
credo,lip,42
credo,routine,41
credo,spot,41
credo,find,40
credo,mineral,40
credo,quickly,40
credo,blend,39
credo,sun,39
credo,better,38
credo,pretty,38
credo,say,38
credo,treatment,38
credo,easy,37
credo,enough,37
credo,lightweight,37
credo,made,37
credo,found,36
credo,lot,36
credo,size,36
credo,apply,35
credo,clear,35
credo,daily,35
credo,everyday,35
credo,dewy,34
credo,highly,34
credo,last,34
credo,point,34
credo,pore,34
credo,brand,33
credo,difference,33
credo,drying,33
credo,finish,33
credo,usually,33
credo,always,32
credo,buy,32
credo,day,32
credo,noticed,32
credo,sure,32
credo,away,31
credo,effective,31
credo,ever,31
credo,glowy,31
credo,hydrated,31
credo,keep,31
credo,try,31
credo,wash,31
credo,anything,30
credo,consistency,30
credo,felt,30
credo,right,30
credo,helped,29
credo,absolutely,28
credo,almost,28
credo,slight,28
credo,something,28
credo,summer,28
credo,yet,28
credo,absorbs,27
credo,blemish,27
credo,happy,27
credo,job,27
credo,nicely,27
credo,zinc,27
credo,everything,26
credo,result,26
credo,seems,26
credo,sticky,26
credo,take,26
credo,thing,26
credo,vanilla,26
credo,amount,25
credo,area,25
credo,gel,25
credo,lovely,25
credo,skincare,25
credo,stuff,25
credo,though,25
credo,want,25
credo,wearing,25
credo,hormonal,24
credo,moisturized,24
credo,natural,24
credo,protection,24
credo,serum,24
credo,slightly,24
credo,subtle,24
credo,tinted,24
credo,wanted,24
credo,actually,23
credo,ca,23
credo,could,23
credo,layer,23
credo,tint,23
credo,bad,22
credo,bought,22
credo,come,22
credo,creamy,22
credo,credo,22
credo,le,22
credo,left,22
credo,purchase,22
credo,review,22
credo,working,22
credo,either,21
credo,moisture,21
credo,overall,21
credo,probably,21
credo,rub,21
credo,smoothly,21
credo,top,21
credo,trying,21
credo,wonderful,21
credo,application,20
credo,completely,20
credo,many,20
credo,minute,20
credo,packaging,20
credo,second,20
credo,wish,20
credo,around,19
credo,beauty,19
credo,cause,19
credo,facial,19
credo,high,19
credo,know,19
credo,month,19
credo,overnight,19
credo,purchased,19
credo,residue,19
credo,two,19
credo,based,18
credo,easily,18
credo,end,18
credo,especially,18
credo,foundation,18
credo,getting,18
credo,however,18
credo,notice,18
credo,started,18
credo,strong,18
credo,applying,17
credo,awesome,17
credo,back,17
credo,color,17
credo,complexion,17
credo,formula,17
credo,hydrate,17
credo,may,17
credo,papaya,17
credo,pleasant,17
credo,prone,17
credo,remove,17
credo,thick,17
credo,tone,17
credo,year,17
credo,beautifully,16
credo,big,16
credo,fragrance,16
credo,fresh,16
credo,glad,16
credo,going,16
credo,line,16
credo,loved,16
credo,maybe,16
credo,redness,16
credo,repurchase,16
credo,shiny,16
credo,small,16
credo,within,16
credo,applies,15
credo,buying,15
credo,chin,15
credo,combination,15
credo,coverage,15
credo,dark,15
credo,extra,15
credo,harsh,15
credo,hate,15
credo,huge,15
credo,irritation,15
credo,making,15
credo,perfectly,15
credo,physical,15
credo,plus,15
credo,prefer,15
credo,refreshing,15
credo,several,15
credo,sheer,15
credo,star,15
credo,supermello,15
credo,already,14
credo,applied,14
credo,beautiful,14
credo,combo,14
credo,couple,14
credo,fan,14
credo,get,14
credo,hour,14
credo,irritate,14
credo,issue,14
credo,kind,14
credo,marshmallow,14
credo,problem,14
credo,reason,14
credo,sometimes,14
credo,sweet,14
credo,affordable,13
credo,brightening,13
credo,different,13
credo,else,13
credo,fine,13
credo,full,13
credo,gone,13
credo,loving,13
credo,might,13
credo,patch,13
credo,people,13
credo,reduce,13
credo,said,13
credo,sink,13
credo,truly,13
credo,tube,13
credo,zit,13
credo,another,12
credo,dream,12
credo,effect,12
credo,enjoy,12
credo,excited,12
credo,live,12
credo,matte,12
credo,neck,12
credo,next,12
credo,obsessed,12
credo,overpowering,12
credo,putting,12
credo,reflect,12
credo,run,12
credo,self,12
credo,sheen,12
credo,smoother,12
credo,sweat,12
credo,tell,12
credo,totally,12
credo,type,12
credo,worked,12
credo,worse,12
credo,able,11
credo,acne-prone,11
credo,care,11
credo,change,11
credo,cleared,11
credo,continue,11
credo,done,11
credo,exfoliating,11
credo,fair,11
credo,go-to,11
credo,honestly,11
credo,immediately,11
credo,improvement,11
credo,lotion,11
credo,melt,11
credo,nothing,11
credo,nourishing,11
credo,potion,11
credo,quality,11
credo,quite,11
credo,reaction,11
credo,recently,11
credo,seen,11
credo,smaller,11
credo,stay,11
credo,twice,11
credo,winter,11
credo,bed,10
credo,brighter,10
credo,cleansing,10
credo,delicious,10
credo,dried,10
credo,fantastic,10
credo,finally,10
credo,hand,10
credo,healthy,10
credo,higher,10
credo,impressed,10
credo,larger,10
credo,life,10
credo,longer,10
credo,medium,10
credo,moisturizers,10
credo,non,10
credo,oxide,10
credo,primer,10
credo,rose,10
credo,safe,10
credo,start,10
credo,sting,10
credo,water,10
credo,worth,10
credo,afterwards,9
credo,alone,9
credo,become,9
credo,blackhead,9
credo,bonus,9
credo,chalky,9
credo,cleaner,9
credo,clog,9
credo,clogged,9
credo,extremely,9
credo,gotten,9
credo,helping,9
credo,hydration,9
credo,initially,9
credo,juice,9
credo,keeping,9
credo,love,9
credo,moisturizes,9
credo,needed,9
credo,often,9
credo,old,9
credo,painful,9
credo,provides,9
credo,red,9
credo,refreshed,9
credo,seem,9
credo,soothing,9
credo,step,9
credo,streak,9
credo,swipe,9
credo,throughout,9
credo,unfortunately,9
credo,us,9
credo,weather,9
credo,wonder,9
credo,along,8
credo,balm,8
credo,bump,8
credo,burn,8
credo,circle,8
credo,control,8
credo,cystic,8
credo,double,8
credo,drop,8
credo,due,8
credo,fade,8
credo,finding,8
credo,forehead,8
credo,forever,8
credo,fully,8
credo,glowing,8
credo,home,8
credo,instead,8
credo,jar,8
credo,lather,8
credo,let,8
credo,literally,8
credo,maskne,8
credo,mud,8
credo,normally,8
credo,out,8
credo,protects,8
credo,reapply,8
credo,recommended,8
credo,repurchasing,8
credo,rich,8
credo,skinned,8
credo,sold,8
credo,stop,8
credo,struggled,8
credo,switch,8
credo,tend,8
credo,thank,8
credo,tingle,8
credo,ton,8
credo,took,8
credo,trick,8
credo,unlike,8
credo,wake,8
credo,weird,8
credo,went,8
credo,wipe,8
credo,wow,8
credo,acid,7
credo,add,7
credo,addition,7
credo,although,7
credo,appear,7
credo,beach,7
credo,brown,7
credo,came,7
credo,changed,7
credo,cheek,7
credo,cleanse,7
credo,coming,7
credo,company,7
credo,forward,7
credo,friend,7
credo,fun,7
credo,gave,7
credo,hoping,7
credo,irritated,7
credo,large,7
credo,leaving,7
credo,liked,7
credo,low,7
credo,mind,7
credo,mix,7
credo,normal,7
credo,noticeable,7
credo,ocean,7
credo,otherwise,7
credo,past,7
credo,per,7
credo,person,7
credo,pilling,7
credo,pleased,7
credo,probiotic,7
credo,protected,7
credo,pump,7
credo,rather,7
credo,recycled,7
credo,reminds,7
credo,shower,7
credo,significantly,7
credo,silky,7
credo,similar,7
credo,someone,7
credo,soon,7
credo,surface,7
credo,third,7
credo,thought,7
credo,three,7
credo,weight,7
credo,whole,7
credo,zero,7
credo,‚Äú,7
credo,‚Äù,7
credo,absorb,6
credo,aha,6
credo,anyone,6
credo,bay,6
credo,beat,6
credo,behind,6
credo,benefit,6
credo,broken,6
credo,clogging,6
credo,complaint,6
credo,concealer,6
credo,cover,6
credo,darker,6
credo,deep,6
credo,difficult,6
credo,enjoyed,6
credo,enjoying,6
credo,everyone,6
credo,excellent,6
credo,expected,6
credo,fast,6
credo,fruity,6
credo,game,6
credo,hold,6
credo,hope,6
credo,hot,6
credo,husband,6
credo,hyperpigmentation,6
credo,improved,6
credo,jawline,6
credo,kept,6
credo,lol,6
credo,mild,6
credo,minimal,6
credo,mint,6
credo,mom,6
credo,money,6
credo,naked,6
credo,nose,6
credo,onto,6
credo,option,6
credo,others,6
credo,outside,6
credo,place,6
credo,plastic,6
credo,priced,6
credo,rid,6
credo,saw,6
credo,sensation,6
credo,sent,6
credo,seriously,6
credo,simple,6
credo,soak,6
credo,solid,6
credo,sort,6
credo,spa,6
credo,staple,6
credo,supergoop,6
credo,term,6
credo,thanks,6
credo,tiny,6
credo,true,6
credo,typically,6
credo,value,6
credo,absorbing,5
credo,active,5
credo,added,5
credo,anymore,5
credo,appreciate,5
credo,barely,5
credo,basic,5
credo,beginning,5
credo,believe,5
credo,bigger,5
credo,breaking,5
credo,brightens,5
credo,burning,5
credo,calm,5
credo,caused,5
credo,chapped,5
credo,colder,5
credo,cooling,5
credo,cupcake,5
credo,deal,5
credo,decent,5
credo,decided,5
credo,dirt,5
credo,etc,5
credo,expecting,5
credo,expensive,5
credo,film,5
credo,fit,5
credo,foam,5
credo,follow,5
credo,gently,5
credo,gloss,5
credo,goodness,5
credo,grail,5
credo,gross,5
credo,head,5
credo,heavier,5
credo,holy,5
credo,honey,5
credo,hooked,5
credo,house,5
credo,hunt,5
credo,im,5
credo,including,5
credo,incredible,5
credo,incredibly,5
credo,insta,5
credo,ive,5
credo,jelly,5
credo,lately,5
credo,least,5
credo,mean,5
credo,moisturize,5
credo,mostly,5
credo,multiple,5
credo,okay,5
credo,overly,5
credo,overwhelming,5
credo,peel,5
credo,picky,5
credo,pill,5
credo,pink,5
credo,play,5
credo,plump,5
credo,pop,5
credo,provide,5
credo,purchasing,5
credo,quick,5
credo,reading,5
credo,reduced,5
credo,reduces,5
credo,reef,5
credo,return,5
credo,rubbed,5
credo,sadly,5
credo,salicylic,5
credo,scented,5
credo,seeing,5
credo,service,5
credo,settle,5
credo,shrink,5
credo,sits,5
credo,sleep,5
credo,softer,5
credo,spread,5
credo,struggling,5
credo,stubborn,5
credo,tan,5
credo,thicker,5
credo,tingly,5
credo,version,5
credo,wait,5
credo,whitehead,5
credo,win,5
credo,worried,5
credo,yummy,5
credo,absorbed,4
credo,activity,4
credo,adore,4
credo,age,4
credo,artificial,4
credo,awhile,4
credo,balance,4
credo,barrier,4
credo,besides,4
credo,blending,4
credo,blur,4
credo,blurring,4
credo,bother,4
credo,box,4
credo,boyfriend,4
credo,bright,4
credo,brings,4
credo,case,4
credo,chemical,4
credo,chest,4
credo,clearer,4
credo,coconut,4
credo,compared,4
credo,consistently,4
credo,cute,4
credo,disappears,4
credo,disappointed,4
credo,discovered,4
credo,dryness,4
credo,easier,4
credo,effectively,4
credo,effort,4
credo,eleven,4
credo,entire,4
credo,experience,4
credo,expert,4
credo,fact,4
credo,faded,4
credo,faint,4
credo,flaky,4
credo,gift,4
credo,gunk,4
credo,helpful,4
credo,important,4
credo,importantly,4
credo,instantly,4
credo,intense,4
credo,irritating,4
credo,lay,4
credo,layering,4
credo,lighter,4
credo,likely,4
credo,looked,4
credo,mark,4
credo,miracle,4
credo,must,4
credo,near,4
credo,negative,4
credo,neither,4
credo,non-greasy,4
credo,note,4
credo,oat,4
credo,oh,4
credo,oil-free,4
credo,organic,4
credo,original,4
credo,outdoor,4
credo,particularly,4
credo,perfection,4
credo,personally,4
credo,please,4
credo,powder,4
credo,previously,4
credo,promise,4
credo,radiant,4
credo,real,4
credo,reasonably,4
credo,regular,4
credo,repurchased,4
credo,retinol,4
credo,richie,4
credo,scar,4
credo,screen,4
credo,searching,4
credo,season,4
credo,self-reflect,4
credo,side,4
credo,silicone,4
credo,skeptical,4
credo,smelled,4
credo,smelling,4
credo,smoothing,4
credo,son,4
credo,spending,4
credo,struggle,4
credo,surprised,4
credo,switched,4
credo,t-zone,4
credo,taste,4
credo,thin,4
credo,thrilled,4
credo,tight,4
credo,tingling,4
credo,tired,4
credo,toned,4
credo,travel,4
credo,trouble,4
credo,typical,4
credo,underneath,4
credo,unscented,4
credo,upon,4
credo,usual,4
credo,waste,4
credo,weekly,4
credo,wet,4
credo,winner,4
credo,x,4
credo,yes,4
credo,zone,4
credo,across,3
credo,act,3
credo,adult,3
credo,adverse,3
credo,affect,3
credo,aging,3
credo,alternative,3
credo,anywhere,3
credo,appearance,3
credo,ask,3
credo,awful,3
credo,bare,3
credo,base,3
credo,blended,3
credo,blown,3
credo,book,3
credo,brighten,3
credo,broke,3
credo,build,3
credo,bummed,3
credo,burned,3
credo,burnt,3
credo,ceramides,3
credo,certain,3
credo,certainly,3
credo,changer,3
credo,claim,3
credo,climate,3
credo,competitor,3
credo,compostable,3
credo,con,3
credo,container,3
credo,course,3
credo,covid,3
credo,created,3
credo,crosspolymer,3
credo,current,3
credo,damage,3
credo,darkness,3
credo,daytime,3
credo,deeply,3
credo,degree,3
credo,delightful,3
credo,depending,3
credo,description,3
credo,desperate,3
credo,dewey,3
credo,disappeared,3
credo,dislike,3
credo,divine,3
credo,double-cleanse,3
credo,dozen,3
credo,drenched,3
credo,drunk,3
credo,early,3
credo,effectiveness,3
credo,elegant,3
credo,elephant,3
credo,eliminate,3
credo,enzyme,3
credo,essential,3
credo,even,3
credo,exfoliates,3
credo,expect,3
credo,experienced,3
credo,eyebrow,3
credo,fading,3
credo,fairly,3
credo,faster,3
credo,fav,3
credo,fell,3
credo,finger,3
credo,five,3
credo,flake,3
credo,flare,3
credo,fluid,3
credo,followed,3
credo,form,3
credo,formulation,3
credo,future,3
credo,general,3
credo,generally,3
credo,gifted,3
credo,given,3
credo,god,3
credo,half,3
credo,happening,3
credo,heal,3
credo,heard,3
credo,heat,3
credo,heaven,3
credo,heavenly,3
credo,hesitant,3
credo,highlighter,3
credo,horrible,3
credo,idea,3
credo,ilium,3
credo,imagine,3
credo,imperfection,3
credo,improving,3
credo,indie,3
credo,inflamed,3
credo,inflammation,3
credo,initial,3
credo,iridescent,3
credo,joy,3
credo,kid,3
credo,knew,3
credo,knowing,3
credo,learned,3
credo,lee,3
credo,level,3
credo,list,3
credo,living,3
credo,luminous,3
credo,luxurious,3
credo,magic,3
credo,make-up,3
credo,market,3
credo,match,3
credo,matter,3
credo,mature,3
credo,medication,3
credo,min,3
credo,mine,3
credo,mini,3
credo,minty,3
credo,mirror,3
credo,moment,3
credo,necessarily,3
credo,nervous,3
credo,nightly,3
credo,non-irritating,3
credo,non-toxic,3
credo,obvious,3
credo,occasional,3
credo,og,3
credo,oiliness,3
credo,ok,3
credo,pasty,3
credo,pea,3
credo,peeling,3
credo,perhaps,3
credo,period,3
credo,peroxide,3
credo,pigmented,3
credo,plan,3
credo,pleasantly,3
credo,pocket,3
credo,polly,3
credo,polyacrylate,3
credo,powering,3
credo,prep,3
credo,pricey,3
credo,prior,3
credo,protecting,3
credo,ran,3
credo,range,3
credo,reach,3
credo,react,3
credo,reasonable,3
credo,reference,3
credo,regimen,3
credo,relief,3
credo,rosacea,3
credo,rubbing,3
credo,sad,3
credo,saved,3
credo,saying,3
credo,seamlessly,3
credo,search,3
credo,set,3
credo,shimmery,3
credo,shine,3
credo,short,3
credo,show,3
credo,sitting,3
credo,solution,3
credo,somehow,3
credo,sooo,3
credo,spend,3
credo,spray,3
credo,starting,3
credo,stick,3
credo,stripping,3
credo,subside,3
credo,suggests,3
credo,sunblock,3
credo,suntegrity,3
credo,supple,3
credo,support,3
credo,sustainability,3
credo,sustainable,3
credo,tacky,3
credo,tag,3
credo,taking,3
credo,teen,3
credo,tinge,3
credo,toner,3
credo,topical,3
credo,touch,3
credo,turn,3
credo,vanilla-y,3
credo,visible,3
credo,waiting,3
credo,weekend,3
credo,whatsoever,3
credo,woke,3
credo,wore,3
credo,yellow,3
credo,yuni,3
credo,zinc-based,3
credo,ability,2
credo,abundance,2
credo,actual,2
credo,acure,2
credo,additional,2
credo,admit,2
credo,ago,2
credo,agree,2
credo,antibiotic,2
credo,anytime,2
credo,apparently,2
credo,arm,2
credo,asked,2
credo,attack,2
credo,attribute,2
credo,available,2
credo,avoid,2
credo,awake,2
credo,backpack,2
credo,baked,2
credo,basis,2
credo,bathroom,2
credo,bb,2
credo,bc,2
credo,became,2
credo,becomes,2
credo,benzoyl,2
credo,beware,2
credo,beyond,2
credo,bill,2
credo,biore,2
credo,birthday,2
credo,bite,2
credo,bliss,2
credo,blush,2
credo,body,2
credo,boost,2
credo,breathe,2
credo,brightened,2
credo,brightwave,2
credo,bunch,2
credo,butter,2
credo,buttery,2
credo,cake,2
credo,call,2
credo,calming,2
credo,cant,2
credo,caste,2
credo,causing,2
credo,cc,2
credo,cellular,2
credo,ceramide,2
credo,changing,2
credo,check,2
credo,chia,2
credo,choice,2
credo,citrus,2
credo,city,2
credo,clay,2
credo,cleansed,2
credo,clump,2
credo,cluster,2
credo,combine,2
credo,combined,2
credo,comfortable,2
credo,comment,2
credo,compare,2
credo,complain,2
credo,compliment,2
credo,concerned,2
credo,consider,2
credo,consistent,2
credo,content,2
credo,contest,2
credo,continued,2
credo,contributed,2
credo,convenient,2
credo,convert,2
credo,cool,2
credo,crazy,2
credo,creamier,2
credo,create,2
credo,creates,2
credo,creating,2
credo,curology,2
credo,cut,2
credo,dab,2
credo,dead,2
credo,dealing,2
credo,decide,2
credo,dehydrated,2
credo,deliver,2
credo,delivers,2
credo,dermatitis,2
credo,despite,2
credo,dew,2
credo,didnt,2
credo,diminishing,2
credo,directly,2
credo,disappear,2
credo,disappoint,2
credo,discoloration,2
credo,dissipates,2
credo,doesnt,2
credo,dot,2
credo,dramatic,2
credo,dramatically,2
credo,drastically,2
credo,dread,2
credo,duper,2
credo,duty,2
credo,ease,2
credo,edition,2
credo,elsewhere,2
credo,ended,2
credo,environment,2
credo,environmentally,2
credo,eo,2
credo,erase,2
credo,essence,2
credo,evening,2
credo,exacerbate,2
credo,exactly,2
credo,except,2
credo,exception,2
credo,excess,2
credo,exfoliant,2
credo,exfoliation,2
credo,experiencing,2
credo,fa,2
credo,fabulous,2
credo,family,2
credo,fight,2
credo,figure,2
credo,finishing,2
credo,fl,2
credo,flash,2
credo,fluffy,2
credo,foaming,2
credo,focus,2
credo,friendly,2
credo,fungal,2
credo,gel-like,2
credo,generous,2
credo,genetic,2
credo,giving,2
credo,glide,2
credo,glossier,2
credo,glossy,2
credo,gluten,2
credo,golden,2
credo,good,2
credo,goopy,2
credo,gosh,2
credo,grateful,2
credo,gray,2
credo,gritty,2
credo,hang,2
credo,happen,2
credo,hardly,2
credo,healed,2
credo,healing,2
credo,healthier,2
credo,hike,2
credo,hoped,2
credo,humid,2
credo,humidity,2
credo,hype,2
credo,i.e,2
credo,illuminating,2
credo,impression,2
credo,impressive,2
credo,improve,2
credo,indeed,2
credo,inexpensive,2
credo,inspired,2
credo,instant,2
credo,interview,2
credo,introduce,2
credo,itch,2
credo,itchy,2
credo,kinda,2
credo,kinskin,2
credo,lasted,2
credo,lasting,2
credo,later,2
credo,layered,2
credo,lemon,2
credo,light-medium,2
credo,lightest,2
credo,lightly,2
credo,lightness,2
credo,limited,2
credo,lock,2
credo,major,2
credo,man,2
credo,manages,2
credo,marie,2
credo,marshmallowy,2
credo,mascara,2
credo,matte-like,2
credo,mattifying,2
credo,maya,2
credo,meeting,2
credo,meow,2
credo,mess,2
credo,microplastic,2
credo,mineral-based,2
credo,minor,2
credo,moisturizer/sunscreen,2
credo,moved,2
credo,naturally,2
credo,nearly,2
credo,neutral,2
credo,no-makeup,2
credo,non-sticky,2
credo,non-tinted,2
credo,notable,2
credo,noticeably,2
credo,noticing,2
credo,nyc,2
credo,odd,2
credo,offer,2
credo,officially,2
credo,ointment,2
credo,older,2
credo,olive,2
credo,opaque,2
credo,opinion,2
credo,originally,2
credo,package,2
credo,pair,2
credo,park,2
credo,part,2
credo,passed,2
credo,pat,2
credo,percent,2
credo,percentage,2
credo,perioral,2
credo,permanent,2
credo,persistent,2
credo,pharmacy,2
credo,pick,2
credo,plain,2
credo,positive,2
credo,powerful,2
credo,pregnant,2
credo,prettiest,2
credo,prevent,2
credo,prevented,2
credo,prevents,2
credo,process,2
credo,professional,2
credo,properly,2
credo,providing,2
credo,purge,2
credo,purging,2
credo,quenched,2
credo,quicker,2
credo,random,2
credo,rating,2
credo,rave,2
credo,raving,2
credo,ray,2
credo,rd,2
credo,reactive,2
credo,reality,2
credo,realized,2
credo,reapplication,2
credo,recent,2
credo,reflection,2
credo,regarding,2
credo,regret,2
credo,rejuvenated,2
credo,removal,2
credo,remover,2
credo,reordered,2
credo,replaced,2
credo,replacement,2
credo,require,2
credo,research,2
credo,rest,2
credo,retinal,2
credo,reviewer,2
credo,ridiculously,2
credo,save,2
credo,scarring,2
credo,scary,2
credo,scrub,2
credo,searched,2
credo,seemed,2
credo,serious,2
credo,shared,2
credo,shimmer,2
credo,shipping,2
credo,sign,2
credo,simply,2
credo,single,2
credo,sit,2
credo,situation,2
credo,sized,2
credo,slick,2
credo,slowly,2
credo,smoothed,2
credo,smoothie,2
credo,soaking,2
credo,sometime,2
credo,soothed,2
credo,soothes,2
credo,sparkly,2
credo,spent,2
credo,sport,2
credo,squalane,2
credo,stain,2
credo,stickiness,2
credo,stingle,2
credo,stopped,2
credo,strange,2
credo,stress,2
credo,stronger,2
credo,success,2
credo,suffer,2
credo,sugar,2
credo,summertime,2
credo,sunburn,2
credo,sunburned,2
credo,supermellow,2
credo,swim,2
credo,switching,2
credo,target,2
credo,terrible,2
credo,thinking,2
credo,thoroughly,2
credo,till,2
credo,titanium,2
credo,together,2
credo,told,2
credo,tolerate,2
credo,toning,2
credo,toothpaste,2
credo,towards,2
credo,tower,2
credo,trace,2
credo,transition,2
credo,treat,2
credo,tricky,2
credo,trip,2
credo,tropical,2
credo,trust,2
credo,tub,2
credo,turned,2
credo,turning,2
credo,u,2
credo,uneven,2
credo,unhappy,2
credo,unless,2
credo,update,2
credo,upper,2
credo,vacation,2
credo,various,2
credo,velvety,2
credo,venus,2
credo,veronique,2
credo,vibe,2
credo,w,2
credo,walk,2
credo,washed,2
credo,washing,2
credo,website,2
credo,whipped,2
credo,whitecast,2
credo,williams,2
credo,wo,2
credo,workout,2
credo,world,2
credo,worn,2
credo,worry,2
credo,yr,2
credo,a-okay,1
credo,aahaa,1
credo,absolute,1
credo,accentuate,1
credo,accentuated,1
credo,accutane,1
credo,acid/retinal,1
credo,acne-haver,1
credo,acne/aging,1
credo,acne/pimples,1
credo,acneic,1
credo,acting,1
credo,action,1
credo,adapalene,1
credo,adapalene/curology,1
credo,addicted,1
credo,adding,1
credo,additionally,1
credo,addressed,1
credo,adequately,1
credo,adjust,1
credo,adjusting,1
credo,adorable,1
credo,advanced,1
credo,adventure,1
credo,advertises,1
credo,advice,1
credo,aesthetic,1
credo,affarid,1
credo,affective,1
credo,afraid,1
credo,african,1
credo,aftermath,1
credo,afternoon,1
credo,agave,1
credo,aggravate,1
credo,ah,1
credo,aid,1
credo,air,1
credo,aka,1
credo,alabaster,1
credo,all-natural,1
credo,allergic,1
credo,allergy,1
credo,allow,1
credo,allowing,1
credo,allows,1
credo,alternating,1
credo,altitude,1
credo,altogether,1
credo,amaze,1
credo,amazed,1
credo,american,1
credo,and/or,1
credo,animal,1
credo,anti-aging,1
credo,anxious,1
credo,anyway,1
credo,apparent,1
credo,appeared,1
credo,aqua,1
credo,arid,1
credo,article,1
credo,artist,1
credo,ashy,1
credo,aspect,1
credo,at-home,1
credo,attempt,1
credo,attracted,1
credo,autumn,1
credo,avoiding,1
credo,avoids,1
credo,awakened,1
credo,babo,1
credo,baby,1
credo,backup,1
credo,badly,1
credo,bahamas,1
credo,balanced,1
credo,balancing,1
credo,ball,1
credo,balm/gloss,1
credo,barefaced,1
credo,bash,1
credo,basically,1
credo,battle,1
credo,beachy,1
credo,beckons,1
credo,bedtimeüòäüëÑ,1
credo,beforehand,1
credo,began,1
credo,beige,1
credo,beige/brown,1
credo,believer,1
credo,beloved,1
credo,beneficial,1
credo,benign/pleasant,1
credo,benzyl,1
credo,bet,1
credo,black,1
credo,bland,1
credo,blemish-prone,1
credo,blend-able,1
credo,block,1
credo,blot,1
credo,blue-ish,1
credo,blurring/illuminating,1
credo,blurry,1
credo,boat,1
credo,boomer,1
credo,borderline,1
credo,botanical,1
credo,bottom,1
credo,bough,1
credo,bouncy,1
credo,branding,1
credo,breaker,1
credo,breath,1
credo,breathable,1
credo,breathed,1
credo,breeze,1
credo,brightness,1
credo,bring,1
credo,broad,1
credo,brow,1
credo,brush,1
credo,bubble/have,1
credo,buck,1
credo,buckle,1
credo,budget,1
credo,bug,1
credo,buildup,1
credo,bummer,1
credo,burny,1
credo,buttah,1
credo,bybi,1
credo,cacao,1
credo,cakey,1
credo,called,1
credo,calmed,1
credo,calmer,1
credo,campfire,1
credo,candidate,1
credo,candy,1
credo,caramel,1
credo,carefully,1
credo,carry,1
credo,carrying,1
credo,cart,1
credo,cash,1
credo,castor,1
credo,caution,1
credo,caviar,1
credo,cell,1
credo,cemented,1
credo,cera,1
credo,cetaphil,1
credo,chance,1
credo,change/improve,1
credo,chap,1
credo,character,1
credo,cheap,1
credo,cheaper,1
credo,checked,1
credo,checking,1
credo,checkout,1
credo,cheekbone,1
credo,cheesy,1
credo,chemical-y,1
credo,child,1
credo,chin/jaw,1
credo,chin/mouth,1
credo,chnaged,1
credo,chocolate,1
credo,choosing,1
credo,christmas,1
credo,chronic,1
credo,citrus/earth,1
credo,clammy,1
credo,clarifying,1
credo,clarity,1
credo,clean/mineral,1
credo,cleaned,1
credo,cleaning,1
credo,clearing,1
credo,clearly,1
credo,client,1
credo,clinique,1
credo,cloth,1
credo,clothes,1
credo,clothing,1
credo,clumped,1
credo,clutch,1
credo,cold,1
credo,coldest,1
credo,collection,1
credo,colorado,1
credo,colorless,1
credo,combat,1
credo,combo-ish,1
credo,comedogenic,1
credo,comfort,1
credo,comforting/way,1
credo,comparable,1
credo,complained,1
credo,completion,1
credo,complex,1
credo,composition,1
credo,conceal,1
credo,concealer/makeup,1
credo,concentrated,1
credo,concern,1
credo,conducting,1
credo,confident,1
credo,congestion,1
credo,conscious,1
credo,considerable,1
credo,contacted,1
credo,contains,1
credo,contend,1
credo,contender,1
credo,continues,1
credo,controlling,1
credo,conventional,1
credo,cooky,1
credo,coola,1
credo,corner,1
credo,correct,1
credo,correction,1
credo,cosmetically,1
credo,cotton,1
credo,count,1
credo,courier,1
credo,covered,1
credo,covering,1
credo,craven,1
credo,crease,1
credo,creeping,1
credo,creme,1
credo,crinkle,1
credo,cropping,1
credo,cross,1
credo,crossed,1
credo,cruelty,1
credo,cruelty-free,1
credo,culkin,1
credo,culprit,1
credo,currently,1
credo,cutting,1
credo,d-bronzi,1
credo,dairy,1
credo,darken,1
credo,daughter,1
credo,day-to-day,1
credo,deal-breaker,1
credo,debatable,1
credo,decade,1
credo,decently,1
credo,decoltage,1
credo,decreasing,1
credo,dedication,1
credo,deep-glow,1
credo,def,1
credo,definite,1
credo,definitley,1
credo,deliciously,1
credo,deliever,1
credo,delish,1
credo,demographic,1
credo,dennis,1
credo,derm,1
credo,derma,1
credo,dermatologist-prescribed,1
credo,describe,1
credo,described,1
credo,desert,1
credo,desired,1
credo,desk,1
credo,despises,1
credo,dessert,1
credo,dessert-like,1
credo,destroying,1
credo,determine,1
credo,deterrent,1
credo,develop,1
credo,developed,1
credo,devoted,1
credo,dewier,1
credo,dewiness,1
credo,dewy/glowy,1
credo,dewy/tacky,1
credo,differently,1
credo,differin,1
credo,diminished,1
credo,diminishes,1
credo,dimithicone,1
credo,dioxide,1
credo,direction,1
credo,dirt/oil,1
credo,disappointing,1
credo,disarming,1
credo,disco,1
credo,discolored,1
credo,discontinued,1
credo,dispense,1
credo,disrupt,1
credo,distinct,1
credo,distort,1
credo,dmn,1
credo,doctor,1
credo,dog,1
credo,doll,1
credo,dont,1
credo,dose,1
credo,doubling,1
credo,doubt,1
credo,downside,1
credo,dr,1
credo,drag,1
credo,dreaded,1
credo,dreamt,1
credo,dreamy,1
credo,dressing,1
credo,drier,1
credo,drink,1
credo,drinking,1
credo,dripping,1
credo,drive,1
credo,drug,1
credo,drugstore,1
credo,dry/combo,1
credo,dry/sensitive,1
credo,dual,1
credo,dud,1
credo,durability,1
credo,eager,1
credo,ear,1
credo,earth,1
credo,earthy,1
credo,easiness,1
credo,east,1
credo,eat,1
credo,economical,1
credo,eczema,1
credo,eff,1
credo,effected,1
credo,efficacy,1
credo,effortless,1
credo,effortlessly,1
credo,element,1
credo,eliminated,1
credo,email,1
credo,emollient,1
credo,empty,1
credo,energy,1
credo,enjoyable,1
credo,ensure,1
credo,equally,1
credo,era,1
credo,eraser-like,1
credo,essential-oil-based,1
credo,essentially,1
credo,ethic,1
credo,ethos,1
credo,eventually,1
credo,exa,1
credo,exceeded,1
credo,exceptionally,1
credo,excessive,1
credo,exciting,1
credo,exclusively,1
credo,executed,1
credo,exfoliate,1
credo,exist,1
credo,existing,1
credo,expectation,1
credo,experimented,1
credo,experimenting,1
credo,explore,1
credo,exposed,1
credo,exposure,1
credo,extended,1
credo,extent,1
credo,eyelid,1
credo,ezcema,1
credo,face,1
credo,face/neck/d√©colletage,1
credo,facewash,1
credo,faintly,1
credo,fair-medium,1
credo,faith,1
credo,fall/winter,1
credo,falling,1
credo,fam,1
credo,fancy,1
credo,fare,1
credo,fart,1
credo,fault,1
credo,faves,1
credo,favs,1
credo,feared,1
credo,fellow,1
credo,fewer,1
credo,field,1
credo,figured,1
credo,figuring,1
credo,filament,1
credo,final,1
credo,finger-lengths,1
credo,fingertip,1
credo,firming,1
credo,fix,1
credo,fixed,1
credo,flakey,1
credo,flaking,1
credo,flatten,1
credo,flawless,1
credo,fleck,1
credo,florida,1
credo,flow,1
credo,foamy,1
credo,fold,1
credo,folk,1
credo,following,1
credo,fond,1
credo,fooled,1
credo,foolish,1
credo,forbid,1
credo,forever-products,1
credo,foreverrr,1
credo,forget,1
credo,forgot,1
credo,forming,1
credo,formulated,1
credo,fraction,1
credo,frankincense,1
credo,freckle,1
credo,freckly,1
credo,frequency,1
credo,frequent,1
credo,frequently,1
credo,fresh-faced,1
credo,friendship,1
credo,fruit,1
credo,functional,1
credo,funky,1
credo,funny,1
credo,fyi,1
credo,gateway,1
credo,gather,1
credo,gauge,1
credo,gell,1
credo,genius,1
credo,gentleness,1
credo,gentlest,1
credo,ghost,1
credo,ghostly,1
credo,ghosty,1
credo,ginormous,1
credo,ginzing,1
credo,girl,1
credo,glass,1
credo,glimmer,1
credo,glitter,1
credo,glowy/dewy,1
credo,glycolic,1
credo,go-tos,1
credo,gold,1
credo,goodbye,1
credo,goop,1
credo,gorgeous,1
credo,grab,1
credo,gravitate,1
credo,grease,1
credo,greasy-which,1
credo,greasy/heavy,1
credo,green,1
credo,gresdy,1
credo,grime,1
credo,gripe,1
credo,grown,1
credo,guarantee,1
credo,guava,1
credo,gum,1
credo,guy,1
credo,ha,1
credo,haha,1
credo,hail,1
credo,haley,1
credo,handle,1
credo,hanging,1
credo,happened,1
credo,happens,1
credo,happily,1
credo,harmful,1
credo,hazel,1
credo,headache,1
credo,headed,1
credo,hear,1
credo,hearing,1
credo,heart,1
credo,heartbeat,1
credo,heaviness,1
credo,heavy/greasy,1
credo,heck,1
credo,heed,1
credo,hello,1
credo,hero,1
credo,hi,1
credo,high-end,1
credo,highlighted,1
credo,highly-rated,1
credo,hiking,1
credo,hit,1
credo,holiday,1
credo,home/work/errand,1
credo,honest,1
credo,hooded,1
credo,hooray,1
credo,hopeful,1
credo,hopefully,1
credo,hormone,1
credo,hr,1
credo,hugely,1
credo,hunting,1
credo,hurt,1
credo,hybrid,1
credo,hyram,1
credo,icing,1
credo,id,1
credo,ideal,1
credo,idk,1
credo,ie,1
credo,ignore,1
credo,immediate,1
credo,impact,1
credo,imparts,1
credo,impossible,1
credo,incentive,1
credo,include,1
credo,includes,1
credo,inconsistent,1
credo,incorporate,1
credo,indescribable,1
credo,indicator,1
credo,indulge,1
credo,inflame,1
credo,infusing,1
credo,ingrown,1
credo,injecting,1
credo,inside,1
credo,intend,1
credo,intensely,1
credo,intensity,1
credo,interested,1
credo,interesting,1
credo,interfere,1
credo,internet,1
credo,intrigued,1
credo,introduced,1
credo,invent,1
credo,invigorating,1
credo,invisible,1
credo,iridescence,1
credo,iridescent/shiny,1
credo,iron,1
credo,irritates,1
credo,isopropyl,1
credo,it‚Äîhoping,1
credo,ivory,1
credo,iykyk,1
credo,jamba,1
credo,jaw,1
credo,jojoba,1
credo,josh,1
credo,journey,1
credo,juicy,1
credo,jumbo,1
credo,jumping,1
credo,keeper,1
credo,key,1
credo,kick,1
credo,kiss,1
credo,kit,1
credo,knock,1
credo,korean,1
credo,l,1
credo,la,1
credo,lab,1
credo,labeled,1
credo,lack,1
credo,lake,1
credo,largely,1
credo,lathering,1
credo,launch,1
credo,lauryl,1
credo,lead,1
credo,lean,1
credo,led,1
credo,legitimate,1
credo,lessened,1
credo,lesson,1
credo,letting,1
credo,lifesaver,1
credo,lift,1
credo,light/gel-like,1
credo,light/medium,1
credo,lightened,1
credo,lightening,1
credo,like,1
credo,liking,1
credo,limited-edition,1
credo,liquid,1
credo,listed,1
credo,lit,1
credo,littlest,1
credo,lived,1
credo,load,1
credo,location,1
credo,locking,1
credo,lodger,1
credo,loneliness,1
credo,long-lasting,1
credo,longer-lasting,1
credo,lotion-like,1
credo,lovekinship‚ù§,1
credo,lovey,1
credo,lower,1
credo,loyal,1
credo,luckily,1
credo,luscious,1
credo,luxury,1
credo,macaulay,1
credo,magical,1
credo,main,1
credo,mainstay,1
credo,maintains,1
credo,maintenance,1
credo,makeshift,1
credo,manage,1
credo,managed,1
credo,manuka,1
credo,mara,1
credo,marked,1
credo,marketed,1
credo,marketing,1
credo,mashing,1
credo,mask-like,1
credo,masked,1
credo,mate,1
credo,material,1
credo,maturing,1
credo,maura,1
credo,mcdonald,1
credo,meaning,1
credo,meant,1
credo,measure,1
credo,medical,1
credo,medicine,1
credo,medium-dark,1
credo,medium-deep,1
credo,medium-light,1
credo,meet,1
credo,mention,1
credo,mi,1
credo,microbiome,1
credo,mid,1
credo,mid-way,1
credo,mid-weight,1
credo,mighty,1
credo,mild/gentle,1
credo,mile,1
credo,milk,1
credo,minimal/no,1
credo,minimized,1
credo,minimizes,1
credo,minimum,1
credo,misdiagnosed,1
credo,missed,1
credo,missing,1
credo,mist,1
credo,mistake,1
credo,mixed,1
credo,mixing,1
credo,moderate,1
credo,moderately,1
credo,moist,1
credo,moisterizer,1
credo,moisterizing,1
credo,moisturing,1
credo,moisturizer/makeup,1
credo,moisurizer,1
credo,monolids,1
credo,monthly,1
credo,mood,1
credo,moody,1
credo,mother-in-law,1
credo,mountain,1
credo,mouth,1
credo,movie,1
credo,must-have,1
credo,n,1
credo,na,1
credo,nasty,1
credo,nc,1
credo,nd,1
credo,neal,1
credo,necessary,1
credo,needing,1
credo,neem,1
credo,nerve,1
credo,neurodisruptor,1
credo,nevative,1
credo,never-ending,1
credo,nevertheless,1
credo,news,1
credo,nighttime,1
credo,non-cloying,1
credo,non-drying,1
credo,non-harsh,1
credo,non-nano,1
credo,non-pore-clogging,1
credo,non-whitening,1
credo,normal/oily,1
credo,nostril,1
credo,noticable,1
credo,nourished,1
credo,nowhere,1
credo,nsl,1
credo,nude,1
credo,number,1
credo,nutrient,1
credo,oatmeal,1
credo,obnoxious,1
credo,obviously,1
credo,occasionally,1
credo,occlusive,1
credo,occurs,1
credo,off-putting,1
credo,offensive,1
credo,offering,1
credo,oil/balm/gloss,1
credo,oils/fragrance,1
credo,oily/combination,1
credo,oily/combo,1
credo,online,1
credo,open,1
credo,opening,1
credo,opposed,1
credo,oral,1
credo,orange,1
credo,orangey/citrus,1
credo,ordinary,1
credo,origin,1
credo,ot,1
credo,otc,1
credo,ounce,1
credo,outer,1
credo,overbearing,1
credo,overcast,1
credo,owp,1
credo,pack,1
credo,packaged,1
credo,pain,1
credo,pale,1
credo,palm,1
credo,palmitate,1
credo,pampered,1
credo,pampering,1
credo,par,1
credo,parched,1
credo,partner,1
credo,partnered,1
credo,pas,1
credo,passion,1
credo,paste,1
credo,paste-y,1
credo,patchy,1
credo,patient,1
credo,pay,1
credo,paying,1
credo,peach,1
credo,pearlescent,1
credo,penetrate,1
credo,peppermint,1
credo,performs,1
credo,perfume,1
credo,perk,1
credo,perplexed,1
credo,personal,1
credo,personality,1
credo,pesky,1
credo,peter,1
credo,peterolium,1
credo,petroleum,1
credo,pheoxyethanol,1
credo,pick-me-up,1
credo,picking,1
credo,pinch,1
credo,pineapple,1
credo,pink/peachy,1
credo,pixi,1
credo,planet,1
credo,plastic-y,1
credo,pleasing,1
credo,plumped,1
credo,plumping,1
credo,plunge,1
credo,pm,1
credo,poc,1
credo,polished,1
credo,polypeptide,1
credo,ponytail,1
credo,poof,1
credo,pool,1
credo,popped,1
credo,popular,1
credo,pores‚Äîmy,1
credo,poring,1
credo,portable,1
credo,post,1
credo,post-consumer,1
credo,post-makeup,1
credo,post-workout,1
credo,postpartum,1
credo,potent,1
credo,power,1
credo,practically,1
credo,pre,1
credo,preceded,1
credo,preference,1
credo,pregnancy,1
credo,prescription,1
credo,present,1
credo,pressed,1
credo,preventing,1
credo,previous,1
credo,pricier,1
credo,pricy,1
credo,pro,1
credo,proactiv,1
credo,probe,1
credo,problem.use,1
credo,problematic,1
credo,producing,1
credo,project,1
credo,pronounced,1
credo,proper,1
credo,property,1
credo,protect,1
credo,protective,1
credo,protini,1
credo,psychological,1
credo,public,1
credo,pudding,1
credo,puffiness,1
credo,pull,1
credo,pure,1
credo,purple,1
credo,push,1
credo,pushing,1
credo,pustule/whitehead,1
credo,quantity,1
credo,quest,1
credo,question,1
credo,radiates,1
credo,radically,1
credo,rainbowy,1
credo,rank,1
credo,rare,1
credo,rash,1
credo,rate,1
credo,rated,1
credo,ravaged,1
credo,re-ordered,1
credo,reaaaally,1
credo,reacts,1
credo,ready,1
credo,realize,1
credo,realizing,1
credo,reallly,1
credo,rebalance,1
credo,rebought,1
credo,rebuy,1
credo,receive,1
credo,recomend,1
credo,recommendation,1
credo,recommending,1
credo,recommends,1
credo,record,1
credo,recyclable,1
credo,redness/inflammation/breakouts,1
credo,redness/irritation,1
credo,reducing,1
credo,reduction,1
credo,reef-safe,1
credo,refill,1
credo,refreshes,1
credo,regardless,1
credo,regretting,1
credo,reinforce,1
credo,rejuvenating,1
credo,released,1
credo,reliable,1
credo,relieving,1
credo,religiously,1
credo,rely,1
credo,remaining,1
credo,remembered,1
credo,reminded,1
credo,removing,1
credo,reordering,1
credo,repeat,1
credo,requirement,1
credo,requires,1
credo,researching,1
credo,residual,1
credo,resistance,1
credo,resistant,1
credo,resolved,1
credo,resort,1
credo,response,1
credo,restore,1
credo,resulting,1
credo,retin-a,1
credo,retinal/spot,1
credo,returned,1
credo,reviewed,1
credo,revived,1
credo,reward,1
credo,richer,1
credo,rinse,1
credo,ritual,1
credo,rms,1
credo,rolled,1
credo,roller,1
credo,root,1
credo,rose-scented,1
credo,roseacea,1
credo,rosebrook,1
credo,rotate,1
credo,rotating,1
credo,rotation,1
credo,roth,1
credo,rough,1
credo,round,1
credo,rounded,1
credo,row,1
credo,run-of-the-mill,1
credo,running,1
credo,rush,1
credo,sa,1
credo,safest,1
credo,sale,1
credo,salicyclic,1
credo,sampled,1
credo,sampler,1
credo,sana,1
credo,sanitary,1
credo,sans,1
credo,sat,1
credo,satisfied,1
credo,savior,1
credo,scaly,1
credo,scara,1
credo,scare,1
credo,scaring,1
credo,scarred,1
credo,school,1
credo,science,1
credo,scrumptious,1
credo,se,1
credo,seal,1
credo,sebaceous,1
credo,sebum,1
credo,seek,1
credo,seemingly,1
credo,seeps,1
credo,self-care,1
credo,sense,1
credo,sensitized,1
credo,separate,1
credo,september,1
credo,setting,1
credo,settled,1
credo,severe,1
credo,shade,1
credo,shard,1
credo,sharing,1
credo,shatteringly,1
credo,shaving,1
credo,sheen-y,1
credo,sheet,1
credo,shell,1
credo,shift,1
credo,shimmer-factor,1
credo,shiseido,1
credo,shot,1
credo,shoulder,1
credo,shoulder/upper,1
credo,showed,1
credo,shrug,1
credo,shrunk,1
credo,sickly-sweet,1
credo,sim,1
credo,simplicity,1
credo,sister,1
credo,sister-in-law,1
credo,site,1
credo,six,1
credo,sizing,1
credo,ski,1
credo,skintone,1
credo,skip,1
credo,sku,1
credo,slathered,1
credo,slightly-tan,1
credo,slower,1
credo,smallest,1
credo,smile,1
credo,smith,1
credo,sneaking,1
credo,soap,1
credo,soccer,1
credo,soda,1
credo,sodium,1
credo,softest,1
credo,softly,1
credo,softness,1
credo,solidified,1
credo,soo,1
credo,sooner,1
credo,soothe,1
credo,soul,1
credo,sound,1
credo,south,1
credo,sparingly,1
credo,sparkle,1
credo,speak,1
credo,spearmint,1
credo,special,1
credo,specially,1
credo,specific,1
credo,specifically,1
credo,spectrum,1
credo,speed,1
credo,spf/moisturizer,1
credo,splash,1
credo,splotch,1
credo,sporadic,1
credo,spot-treat,1
credo,spot-treating,1
credo,spring,1
credo,squeeze,1
credo,standing,1
credo,starter,1
credo,static,1
credo,stayed,1
credo,staying,1
credo,steroid,1
credo,sticker,1
credo,sticking,1
credo,sticky/tacky,1
credo,stinging,1
credo,stingy,1
credo,stock,1
credo,stocked,1
credo,stocking,1
credo,stood,1
credo,straight,1
credo,streaky,1
credo,strip,1
credo,stripped,1
credo,struggly,1
credo,stub,1
credo,stuck,1
credo,stumbled,1
credo,stunning,1
credo,subsided,1
credo,succeeds,1
credo,successful,1
credo,sucked,1
credo,sucking,1
credo,sudden,1
credo,suds,1
credo,suffering,1
credo,suffocated,1
credo,sugary,1
credo,suit,1
credo,sulfate,1
credo,sulfer,1
credo,sun-blocker,1
credo,sun-kissed,1
credo,sunny,1
credo,sunshine,1
credo,superior,1
credo,supermelt,1
credo,supposed,1
credo,supremelt,1
credo,surge,1
credo,surgical,1
credo,surprise,1
credo,surprisingly,1
credo,surrounding,1
credo,suspect,1
credo,sweat/water,1
credo,sweatproof,1
credo,sweaty,1
credo,sweetness,1
credo,swip,1
credo,synthetic,1
credo,ta,1
credo,table,1
credo,tackle,1
credo,tactic,1
credo,taken,1
credo,tale,1
credo,tall,1
credo,tan/medium,1
credo,tanning,1
credo,tap,1
credo,taught,1
credo,taut,1
credo,tea,1
credo,team,1
credo,teenage,1
credo,teenager,1
credo,teensy,1
credo,telling,1
credo,temp,1
credo,temperature,1
credo,temperatures/humidity,1
credo,terribly,1
credo,terrific,1
credo,tested,1
credo,texas,1
credo,texture/quality,1
credo,thankful,1
credo,thankfully,1
credo,therefore,1
credo,these-super,1
credo,thinner,1
credo,tho,1
credo,thomas,1
credo,thorough,1
credo,throughly,1
credo,throw,1
credo,thumb,1
credo,thus,1
credo,tightening,1
credo,tighter,1
credo,time-even,1
credo,tinting,1
credo,tiredness,1
credo,title,1
credo,titular,1
credo,toasted,1
credo,toe,1
credo,tolerable,1
credo,too‚Äìno,1
credo,too‚Äîplumps,1
credo,topped,1
credo,torn,1
credo,total,1
credo,towel,1
credo,toxic,1
credo,toy,1
credo,track,1
credo,traded,1
credo,traditional,1
credo,transform,1
credo,transparent,1
credo,transported,1
credo,treating,1
credo,tree,1
credo,trio,1
credo,triple,1
credo,truth,1
credo,tweak,1
credo,tweet,1
credo,twist,1
credo,two-step,1
credo,ultimate,1
credo,ultra,1
credo,umbra,1
credo,unbearably,1
credo,under-eye,1
credo,under-the-skin,1
credo,undereye,1
credo,undereyes,1
credo,underlying,1
credo,undertone,1
credo,unflattering,1
credo,unfortunate,1
credo,unheard,1
credo,unified,1
credo,unimpressed,1
credo,unrivaled,1
credo,unsure,1
credo,unsurprisingly,1
credo,unusual,1
credo,unwearable,1
credo,ups,1
credo,upset,1
credo,upüòò,1
credo,usable,1
credo,usage,1
credo,user,1
credo,usng,1
credo,v,1
credo,vanilla-marshmallow,1
credo,vanilla-turmeric,1
credo,vanish,1
credo,variety,1
credo,vaseline,1
credo,veeeeery,1
credo,vegan,1
credo,verdict,1
credo,versatile,1
credo,via,1
credo,vision,1
credo,visualize,1
credo,vive,1
credo,voila,1
credo,volition,1
credo,w/in,1
credo,waited,1
credo,waking,1
credo,wall,1
credo,wallet,1
credo,wan,1
credo,wanting,1
credo,warm,1
credo,warmer,1
credo,warms,1
credo,warning,1
credo,wasting,1
credo,waterproof,1
credo,watery,1
credo,wavered,1
credo,wearable,1
credo,weightless,1
credo,welcomed,1
credo,well-suited,1
credo,west,1
credo,wfh,1
credo,whenever,1
credo,wherever,1
credo,whiff,1
credo,whim,1
credo,whirl,1
credo,white-paste,1
credo,whiter,1
credo,whitish,1
credo,wholesome,1
credo,window,1
credo,witch,1
credo,withour,1
credo,woah,1
credo,woman,1
credo,wonderfully,1
credo,wonderful‚Äîit,1
credo,work-around,1
credo,worsen,1
credo,wrecked,1
credo,write,1
credo,x/week,1
credo,xoxo,1
credo,y'all,1
credo,yard,1
credo,yay,1
credo,yellowish,1
credo,ymmv,1
credo,yo,1
credo,young,1
credo,younger,1
credo,youth,1
credo,zephyr,1
credo,zoom,1
credo,‚úì,1
credo,‚ù§,1
credo,‚ù§Ô∏è,1
credo,üíïüíï,1
ulta,skin,1686
ulta,sunscreen,755
ulta,feel,500
ulta,dry,360
ulta,really,344
ulta,use,344
ulta,make,267
ulta,one,267
ulta,moisturizer,259
ulta,would,253
ulta,cast,245
ulta,smell,245
ulta,well,230
ulta,look,222
ulta,go,204
ulta,used,198
ulta,cleanser,196
ulta,work,195
ulta,sensitive,191
ulta,oily,189
ulta,kinship,185
ulta,super,180
ulta,leaf,179
ulta,nice,179
ulta,amazing,176
ulta,acne,171
ulta,makeup,165
ulta,first,161
ulta,product,161
ulta,definitely,157
ulta,eye,155
ulta,scent,154
ulta,feeling,153
ulta,light,153
ulta,much,151
ulta,time,151
ulta,little,150
ulta,tried,148
ulta,mask,146
ulta,clean,145
ulta,spf,141
ulta,leave,138
ulta,give,137
ulta,greasy,135
ulta,mineral,135
ulta,cream,125
ulta,soft,123
ulta,try,121
ulta,still,115
ulta,pimple,113
ulta,think,113
ulta,glow,110
ulta,bit,108
ulta,smooth,106
ulta,way,106
ulta,breakout,105
ulta,break,102
ulta,moisturizing,102
ulta,felt,101
ulta,ingredient,100
ulta,texture,100
ulta,new,97
ulta,oil,95
ulta,week,95
ulta,gentle,93
ulta,perfect,93
ulta,help,92
ulta,made,92
ulta,night,92
ulta,without,89
ulta,thing,88
ulta,lot,87
ulta,long,86
ulta,looking,86
ulta,better,85
ulta,find,85
ulta,found,80
ulta,say,80
ulta,wear,80
ulta,every,79
ulta,skincare,78
ulta,apply,77
ulta,favorite,76
ulta,finish,76
ulta,heavy,76
ulta,ever,75
ulta,away,74
ulta,brand,73
ulta,put,73
ulta,blend,72
ulta,could,71
ulta,day,71
ulta,zinc,70
ulta,left,69
ulta,sticky,69
ulta,wash,69
ulta,bad,68
ulta,hydrated,67
ulta,lightweight,67
ulta,need,67
ulta,pore,67
ulta,pretty,67
ulta,morning,66
ulta,tint,66
ulta,always,65
ulta,bought,64
ulta,absolutely,62
ulta,many,62
ulta,routine,62
ulta,box,61
ulta,dewy,61
ulta,ca,60
ulta,happy,60
ulta,hydrating,60
ulta,wanted,60
ulta,actually,59
ulta,combination,59
ulta,papaya,59
ulta,something,59
ulta,though,59
ulta,year,59
ulta,clear,58
ulta,however,58
ulta,buy,57
ulta,slight,56
ulta,easily,55
ulta,keep,55
ulta,noticed,55
ulta,price,55
ulta,prone,55
ulta,started,55
ulta,vanilla,55
ulta,spot,53
ulta,sun,53
ulta,enough,52
ulta,overall,52
ulta,want,52
ulta,hour,51
ulta,review,51
ulta,pad,50
ulta,tone,50
ulta,come,49
ulta,fragrance,49
ulta,glowy,49
ulta,helped,49
ulta,size,49
ulta,trendmood,49
ulta,highly,48
ulta,top,48
ulta,worth,48
ulta,drying,47
ulta,know,47
ulta,loved,47
ulta,may,47
ulta,packaging,47
ulta,quickly,47
ulta,right,47
ulta,last,46
ulta,take,46
ulta,extremely,45
ulta,irritate,45
ulta,le,45
ulta,marshmallow,45
ulta,moisture,45
ulta,strong,45
ulta,stuff,45
ulta,type,45
ulta,almost,44
ulta,completely,44
ulta,difference,44
ulta,easy,44
ulta,formula,44
ulta,going,44
ulta,natural,44
ulta,purchase,44
ulta,red,44
ulta,result,44
ulta,rub,44
ulta,applied,43
ulta,chemical,43
ulta,daily,43
ulta,literally,43
ulta,anything,42
ulta,combo,42
ulta,sure,42
ulta,tinted,42
ulta,cause,41
ulta,moisturized,41
ulta,month,41
ulta,people,41
ulta,probably,41
ulta,usually,41
ulta,another,40
ulta,area,40
ulta,beautiful,40
ulta,job,40
ulta,minute,40
ulta,oxide,40
ulta,back,39
ulta,two,39
ulta,everything,38
ulta,lip,38
ulta,potion,38
ulta,sweet,38
ulta,yet,38
ulta,application,37
ulta,consistency,37
ulta,nothing,37
ulta,effective,36
ulta,fair,36
ulta,full,36
ulta,honestly,36
ulta,star,36
ulta,thought,36
ulta,wish,36
ulta,dark,35
ulta,end,35
ulta,getting,35
ulta,high,35
ulta,redness,35
ulta,second,35
ulta,trying,35
ulta,absorbs,34
ulta,either,34
ulta,saw,34
ulta,thick,34
ulta,fresh,33
ulta,looked,33
ulta,burn,32
ulta,different,32
ulta,excited,32
ulta,liked,32
ulta,nicely,32
ulta,repurchase,32
ulta,shiny,32
ulta,wearing,32
ulta,around,31
ulta,gone,31
ulta,life,31
ulta,personally,31
ulta,supermello,31
ulta,treatment,31
ulta,pleasant,30
ulta,plus,30
ulta,winter,30
ulta,wonderful,30
ulta,applying,29
ulta,awesome,29
ulta,dried,29
ulta,gave,29
ulta,mint,29
ulta,needed,29
ulta,protection,29
ulta,purchased,29
ulta,refreshed,29
ulta,slightly,29
ulta,tube,29
ulta,beautifully,28
ulta,gel,28
ulta,healthy,28
ulta,kind,28
ulta,problem,28
ulta,quite,28
ulta,someone,28
ulta,amount,27
ulta,color,27
ulta,couple,27
ulta,disappointed,27
ulta,fan,27
ulta,glad,27
ulta,glowing,27
ulta,layer,27
ulta,making,27
ulta,naked,27
ulta,refreshing,27
ulta,safe,27
ulta,self,27
ulta,wo,27
ulta,already,26
ulta,care,26
ulta,else,26
ulta,everyday,26
ulta,issue,26
ulta,point,26
ulta,primer,26
ulta,summer,26
ulta,decided,25
ulta,lovely,25
ulta,mind,25
ulta,pale,25
ulta,patch,25
ulta,perfectly,25
ulta,reaction,25
ulta,remove,25
ulta,throughout,25
ulta,took,25
ulta,unfortunately,25
ulta,went,25
ulta,whole,25
ulta,wipe,25
ulta,working,25
ulta,blemish,24
ulta,buying,24
ulta,continue,24
ulta,darker,24
ulta,facial,24
ulta,foundation,24
ulta,hate,24
ulta,irritated,24
ulta,least,24
ulta,line,24
ulta,normal,24
ulta,seems,24
ulta,worked,24
ulta,big,23
ulta,burning,23
ulta,complexion,23
ulta,creamy,23
ulta,fine,23
ulta,forehead,23
ulta,get,23
ulta,impressed,23
ulta,moisturizers,23
ulta,others,23
ulta,reef,23
ulta,reflect,23
ulta,said,23
ulta,sweat,23
ulta,able,22
ulta,applies,22
ulta,bright,22
ulta,came,22
ulta,cheek,22
ulta,especially,22
ulta,exfoliating,22
ulta,finally,22
ulta,next,22
ulta,please,22
ulta,residue,22
ulta,set,22
ulta,small,22
ulta,subtle,22
ulta,tacky,22
ulta,thank,22
ulta,weird,22
ulta,within,22
ulta,add,21
ulta,deep,21
ulta,irritation,21
ulta,putting,21
ulta,run,21
ulta,thanks,21
ulta,water,21
ulta,anyone,20
ulta,brightening,20
ulta,bump,20
ulta,delicious,20
ulta,matte,20
ulta,nose,20
ulta,noticeable,20
ulta,obsessed,20
ulta,physical,20
ulta,prefer,20
ulta,rosacea,20
ulta,start,20
ulta,swipe,20
ulta,twice,20
ulta,worried,20
ulta,bag,19
ulta,cleansing,19
ulta,company,19
ulta,enjoy,19
ulta,hand,19
ulta,ipsy,19
ulta,money,19
ulta,mud,19
ulta,notice,19
ulta,overpowering,19
ulta,pill,19
ulta,reason,19
ulta,smaller,19
ulta,stay,19
ulta,acne-prone,18
ulta,beauty,18
ulta,blackhead,18
ulta,breaking,18
ulta,burned,18
ulta,cleared,18
ulta,forever,18
ulta,kept,18
ulta,let,18
ulta,live,18
ulta,melt,18
ulta,might,18
ulta,old,18
ulta,powder,18
ulta,recommended,18
ulta,serum,18
ulta,side,18
ulta,smoothly,18
ulta,tend,18
ulta,tingly,18
ulta,truly,18
ulta,ulta,18
ulta,weight,18
ulta,added,17
ulta,caused,17
ulta,changed,17
ulta,chin,17
ulta,cool,17
ulta,done,17
ulta,due,17
ulta,experience,17
ulta,hormonal,17
ulta,hydrate,17
ulta,hydration,17
ulta,lotion,17
ulta,maybe,17
ulta,smoother,17
ulta,sometimes,17
ulta,tell,17
ulta,cleaner,16
ulta,dream,16
ulta,effect,16
ulta,expensive,16
ulta,fantastic,16
ulta,grail,16
ulta,higher,16
ulta,holy,16
ulta,huge,16
ulta,im,16
ulta,insta,16
ulta,list,16
ulta,must,16
ulta,overnight,16
ulta,past,16
ulta,quality,16
ulta,reapply,16
ulta,rid,16
ulta,seen,16
ulta,sink,16
ulta,soak,16
ulta,wait,16
ulta,absorbed,15
ulta,alone,15
ulta,awful,15
ulta,change,15
ulta,everyone,15
ulta,extra,15
ulta,fell,15
ulta,immediately,15
ulta,instead,15
ulta,leaving,15
ulta,love,15
ulta,minimal,15
ulta,non,15
ulta,peel,15
ulta,pricey,15
ulta,scented,15
ulta,soothing,15
ulta,spread,15
ulta,struggled,15
ulta,tight,15
ulta,washed,15
ulta,across,14
ulta,bonus,14
ulta,bother,14
ulta,broke,14
ulta,clog,14
ulta,complaint,14
ulta,dryness,14
ulta,friend,14
ulta,hot,14
ulta,important,14
ulta,kinda,14
ulta,mix,14
ulta,ok,14
ulta,outside,14
ulta,purchasing,14
ulta,recently,14
ulta,yes,14
ulta,allergic,13
ulta,based,13
ulta,brightens,13
ulta,circle,13
ulta,cleanse,13
ulta,concealer,13
ulta,control,13
ulta,cute,13
ulta,finding,13
ulta,fully,13
ulta,harsh,13
ulta,heard,13
ulta,hyram,13
ulta,level,13
ulta,low,13
ulta,medium,13
ulta,multiple,13
ulta,often,13
ulta,olive,13
ulta,plump,13
ulta,protects,13
ulta,smelled,13
ulta,three,13
ulta,tiny,13
ulta,totally,13
ulta,weather,13
ulta,whitecast,13
ulta,worse,13
ulta,addition,12
ulta,although,12
ulta,barely,12
ulta,calm,12
ulta,compared,12
ulta,cooling,12
ulta,cover,12
ulta,cupcake,12
ulta,difficult,12
ulta,drop,12
ulta,etc,12
ulta,exactly,12
ulta,fast,12
ulta,game,12
ulta,hesitant,12
ulta,horrible,12
ulta,instantly,12
ulta,irritating,12
ulta,lasted,12
ulta,loving,12
ulta,mean,12
ulta,normally,12
ulta,person,12
ulta,place,12
ulta,recycled,12
ulta,search,12
ulta,seem,12
ulta,several,12
ulta,skeptical,12
ulta,step,12
ulta,stop,12
ulta,sustainable,12
ulta,unscented,12
ulta,us,12
ulta,vegan,12
ulta,worn,12
ulta,wow,12
ulta,active,11
ulta,affordable,11
ulta,appreciate,11
ulta,behind,11
ulta,believe,11
ulta,brighter,11
ulta,brown,11
ulta,dehydrated,11
ulta,ended,11
ulta,entire,11
ulta,flaky,11
ulta,giving,11
ulta,half,11
ulta,jar,11
ulta,keeping,11
ulta,kit,11
ulta,lol,11
ulta,longer,11
ulta,moisturize,11
ulta,neck,11
ulta,option,11
ulta,overly,11
ulta,overwhelming,11
ulta,painful,11
ulta,pink,11
ulta,plastic,11
ulta,retinol,11
ulta,screen,11
ulta,searching,11
ulta,sensation,11
ulta,soon,11
ulta,sooo,11
ulta,sting,11
ulta,tingle,11
ulta,touch,11
ulta,true,11
ulta,value,11
ulta,washing,11
ulta,woke,11
ulta,wonder,11
ulta,zit,11
ulta,adore,10
ulta,afterwards,10
ulta,ago,10
ulta,aha,10
ulta,awhile,10
ulta,barrier,10
ulta,become,10
ulta,broken,10
ulta,container,10
ulta,fade,10
ulta,finger,10
ulta,forward,10
ulta,gray,10
ulta,helping,10
ulta,hope,10
ulta,hoping,10
ulta,improvement,10
ulta,later,10
ulta,market,10
ulta,min,10
ulta,mine,10
ulta,minty,10
ulta,moisturizes,10
ulta,ocean,10
ulta,onto,10
ulta,particularly,10
ulta,plan,10
ulta,probiotic,10
ulta,protected,10
ulta,protecting,10
ulta,rash,10
ulta,reduced,10
ulta,saying,10
ulta,seeing,10
ulta,sheer,10
ulta,shine,10
ulta,sit,10
ulta,sits,10
ulta,smelling,10
ulta,stripped,10
ulta,sweaty,10
ulta,t-zone,10
ulta,version,10
ulta,wake,10
ulta,yellow,10
ulta,absorb,9
ulta,appear,9
ulta,bc,9
ulta,case,9
ulta,clogging,9
ulta,comfortable,9
ulta,coverage,9
ulta,dont,9
ulta,eczema,9
ulta,excellent,9
ulta,exfoliant,9
ulta,fact,9
ulta,faint,9
ulta,fairly,9
ulta,finished,9
ulta,fit,9
ulta,generally,9
ulta,given,9
ulta,gross,9
ulta,happened,9
ulta,honey,9
ulta,including,9
ulta,inflamed,9
ulta,larger,9
ulta,matter,9
ulta,medication,9
ulta,nearly,9
ulta,okay,9
ulta,opinion,9
ulta,period,9
ulta,positive,9
ulta,reduce,9
ulta,regular,9
ulta,reminds,9
ulta,repurchasing,9
ulta,rest,9
ulta,rubbing,9
ulta,service,9
ulta,sheen,9
ulta,silky,9
ulta,softer,9
ulta,staple,9
ulta,strip,9
ulta,sustainability,9
ulta,taking,9
ulta,u,9
ulta,understand,9
ulta,whenever,9
ulta,alcohol,8
ulta,along,8
ulta,anymore,8
ulta,bed,8
ulta,chalky,8
ulta,climate,8
ulta,clogged,8
ulta,close,8
ulta,course,8
ulta,crazy,8
ulta,deal,8
ulta,dealing,8
ulta,disappointing,8
ulta,effectively,8
ulta,enjoyed,8
ulta,exfoliation,8
ulta,eyelid,8
ulta,flare,8
ulta,follow,8
ulta,friendly,8
ulta,general,8
ulta,gotten,8
ulta,happen,8
ulta,hunt,8
ulta,hype,8
ulta,initial,8
ulta,initially,8
ulta,item,8
ulta,knew,8
ulta,lighter,8
ulta,lightly,8
ulta,mom,8
ulta,offer,8
ulta,omg,8
ulta,play,8
ulta,purple,8
ulta,rather,8
ulta,receive,8
ulta,research,8
ulta,rose,8
ulta,scar,8
ulta,seemed,8
ulta,seriously,8
ulta,silicone,8
ulta,son,8
ulta,speak,8
ulta,stinging,8
ulta,stopped,8
ulta,stripping,8
ulta,sunblock,8
ulta,support,8
ulta,supposed,8
ulta,surprised,8
ulta,thicker,8
ulta,together,8
ulta,ton,8
ulta,turn,8
ulta,typically,8
ulta,underneath,8
ulta,upon,8
ulta,visible,8
ulta,waste,8
ulta,wrong,8
ulta,zone,8
ulta,appearance,7
ulta,arm,7
ulta,ask,7
ulta,aspect,7
ulta,avoid,7
ulta,baby,7
ulta,base,7
ulta,bathroom,7
ulta,body,7
ulta,c,7
ulta,calming,7
ulta,certain,7
ulta,changer,7
ulta,changing,7
ulta,cheaper,7
ulta,coola,7
ulta,cruelty,7
ulta,damage,7
ulta,daytime,7
ulta,def,7
ulta,delivers,7
ulta,description,7
ulta,despite,7
ulta,dewey,7
ulta,disappears,7
ulta,downside,7
ulta,drugstore,7
ulta,drunk,7
ulta,elephant,7
ulta,environment,7
ulta,enzyme,7
ulta,excess,7
ulta,experienced,7
ulta,faded,7
ulta,forget,7
ulta,future,7
ulta,gently,7
ulta,genuinely,7
ulta,heaven,7
ulta,honest,7
ulta,hopeful,7
ulta,humid,7
ulta,husband,7
ulta,imperfection,7
ulta,itchy,7
ulta,lather,7
ulta,likely,7
ulta,mild,7
ulta,note,7
ulta,nourishing,7
ulta,oat,7
ulta,oiliness,7
ulta,pat,7
ulta,pick,7
ulta,pump,7
ulta,reapplying,7
ulta,recyclable,7
ulta,return,7
ulta,running,7
ulta,simple,7
ulta,sleep,7
ulta,smoothing,7
ulta,sold,7
ulta,somehow,7
ulta,soothes,7
ulta,stayed,7
ulta,struggle,7
ulta,surface,7
ulta,sweating,7
ulta,switched,7
ulta,tan,7
ulta,terrible,7
ulta,thin,7
ulta,till,7
ulta,toned,7
ulta,turned,7
ulta,uv,7
ulta,whitehead,7
ulta,world,7
ulta,wrinkle,7
ulta,write,7
ulta,acid,6
ulta,act,6
ulta,adding,6
ulta,anyway,6
ulta,artificial,6
ulta,balanced,6
ulta,became,6
ulta,benefit,6
ulta,blended,6
ulta,blending,6
ulta,blur,6
ulta,bunch,6
ulta,causing,6
ulta,cheap,6
ulta,chocolate,6
ulta,coconut,6
ulta,coming,6
ulta,comment,6
ulta,con,6
ulta,contains,6
ulta,continued,6
ulta,cruelty-free,6
ulta,dab,6
ulta,decent,6
ulta,didnt,6
ulta,disappeared,6
ulta,double,6
ulta,drier,6
ulta,environmentally,6
ulta,ethic,6
ulta,fav,6
ulta,filled,6
ulta,film,6
ulta,following,6
ulta,formulation,6
ulta,fruity,6
ulta,fun,6
ulta,go-to,6
ulta,guess,6
ulta,halfway,6
ulta,hold,6
ulta,hooked,6
ulta,house,6
ulta,hurt,6
ulta,imagine,6
ulta,improved,6
ulta,intense,6
ulta,light-medium,6
ulta,lingers,6
ulta,magic,6
ulta,negative,6
ulta,nervous,6
ulta,oh,6
ulta,oil-free,6
ulta,oilier,6
ulta,otherwise,6
ulta,out,6
ulta,overbearing,6
ulta,pain,6
ulta,perfume,6
ulta,picky,6
ulta,pleased,6
ulta,pro,6
ulta,provides,6
ulta,radiant,6
ulta,reading,6
ulta,realize,6
ulta,reference,6
ulta,relief,6
ulta,replaced,6
ulta,rubbed,6
ulta,sadly,6
ulta,sale,6
ulta,scarring,6
ulta,sent,6
ulta,settle,6
ulta,shipping,6
ulta,simply,6
ulta,sized,6
ulta,smoothie,6
ulta,stick,6
ulta,supple,6
ulta,surprisingly,6
ulta,switch,6
ulta,thinking,6
ulta,third,6
ulta,trio,6
ulta,typical,6
ulta,undertone,6
ulta,ups,6
ulta,user,6
ulta,website,6
ulta,wet,6
ulta,whatever,6
ulta,win,6
ulta,x,6
ulta,y'all,6
ulta,zero,6
ulta,absorbing,5
ulta,activity,5
ulta,adorable,5
ulta,affect,5
ulta,apparent,5
ulta,badly,5
ulta,balance,5
ulta,balancing,5
ulta,balm,5
ulta,basis,5
ulta,began,5
ulta,besides,5
ulta,beyond,5
ulta,blurring,5
ulta,brings,5
ulta,certainly,5
ulta,choice,5
ulta,claim,5
ulta,clay,5
ulta,cleaning,5
ulta,clearing,5
ulta,compare,5
ulta,compliment,5
ulta,concern,5
ulta,considering,5
ulta,consistently,5
ulta,cystic,5
ulta,deeper,5
ulta,dermatitis,5
ulta,dermatologist,5
ulta,discovered,5
ulta,doesnt,5
ulta,dull,5
ulta,eco-friendly,5
ulta,emollient,5
ulta,essential,5
ulta,essentially,5
ulta,exfoliates,5
ulta,eyebrow,5
ulta,face,5
ulta,fave,5
ulta,filter,5
ulta,flawless,5
ulta,foam,5
ulta,fungal,5
ulta,glide,5
ulta,god,5
ulta,goodness,5
ulta,grease,5
ulta,grey,5
ulta,happens,5
ulta,hated,5
ulta,healing,5
ulta,home,5
ulta,humidity,5
ulta,idea,5
ulta,imo,5
ulta,incredible,5
ulta,jelly,5
ulta,juice,5
ulta,la,5
ulta,luxurious,5
ulta,make-up,5
ulta,mark,5
ulta,mascara,5
ulta,maskne,5
ulta,mattifying,5
ulta,mentioned,5
ulta,mixed,5
ulta,name,5
ulta,number,5
ulta,obvious,5
ulta,occasional,5
ulta,orange,5
ulta,ordinary,5
ulta,original,5
ulta,package,5
ulta,percent,5
ulta,perfection,5
ulta,perhaps,5
ulta,permanent,5
ulta,personal,5
ulta,planet,5
ulta,promise,5
ulta,quick,5
ulta,ray,5
ulta,reach,5
ulta,react,5
ulta,replace,5
ulta,risk,5
ulta,sad,5
ulta,saving,5
ulta,scrub,5
ulta,searched,5
ulta,sensitivity,5
ulta,shade,5
ulta,shot,5
ulta,show,5
ulta,significantly,5
ulta,similar,5
ulta,single,5
ulta,skinned,5
ulta,slick,5
ulta,slightest,5
ulta,soooo,5
ulta,spend,5
ulta,spent,5
ulta,stand,5
ulta,starting,5
ulta,streak,5
ulta,stress,5
ulta,stubborn,5
ulta,sunburn,5
ulta,sunburned,5
ulta,supergoop,5
ulta,supermellow,5
ulta,swimming,5
ulta,tends,5
ulta,thankfully,5
ulta,therefore,5
ulta,told,5
ulta,toner,5
ulta,toxic,5
ulta,treat,5
ulta,trouble,5
ulta,uva,5
ulta,whatsoever,5
ulta,whim,5
ulta,wore,5
ulta,youtube,5
ulta,yummy,5
ulta,actual,4
ulta,adult,4
ulta,afraid,4
ulta,age,4
ulta,agree,4
ulta,allergy,4
ulta,aloe,4
ulta,alternative,4
ulta,amazed,4
ulta,anywhere,4
ulta,article,4
ulta,australian,4
ulta,aware,4
ulta,ball,4
ulta,basic,4
ulta,bay,4
ulta,beneficial,4
ulta,bigger,4
ulta,boyfriend,4
ulta,breath,4
ulta,brightened,4
ulta,butter,4
ulta,calmed,4
ulta,careful,4
ulta,ceramide,4
ulta,chance,4
ulta,chapped,4
ulta,check,4
ulta,checked,4
ulta,chose,4
ulta,cleaned,4
ulta,cleansed,4
ulta,clearer,4
ulta,cold,4
ulta,colored,4
ulta,complete,4
ulta,cooky,4
ulta,cooler,4
ulta,covering,4
ulta,credo,4
ulta,current,4
ulta,currently,4
ulta,dead,4
ulta,depending,4
ulta,describe,4
ulta,desert,4
ulta,design,4
ulta,desperate,4
ulta,direction,4
ulta,directly,4
ulta,dirt,4
ulta,dislike,4
ulta,disrupt,4
ulta,dozen,4
ulta,drastically,4
ulta,dryer,4
ulta,effectiveness,4
ulta,effort,4
ulta,everywhere,4
ulta,excessive,4
ulta,expect,4
ulta,expectation,4
ulta,expected,4
ulta,expecting,4
ulta,fail,4
ulta,figured,4
ulta,forgot,4
ulta,formulated,4
ulta,four,4
ulta,fyi,4
ulta,gel-cream,4
ulta,ghost,4
ulta,gold,4
ulta,gon,4
ulta,green,4
ulta,gunk,4
ulta,guy,4
ulta,head,4
ulta,hearing,4
ulta,heavily,4
ulta,hyperpigmentation,4
ulta,ideal,4
ulta,immediate,4
ulta,incredibly,4
ulta,instagram,4
ulta,korean,4
ulta,kp,4
ulta,krave,4
ulta,large,4
ulta,lately,4
ulta,lay,4
ulta,lemon,4
ulta,linger,4
ulta,mainly,4
ulta,manages,4
ulta,meant,4
ulta,mess,4
ulta,mirror,4
ulta,missing,4
ulta,move,4
ulta,na,4
ulta,naturally,4
ulta,necessarily,4
ulta,online,4
ulta,opened,4
ulta,originally,4
ulta,part,4
ulta,pilling,4
ulta,pleasantly,4
ulta,poorly,4
ulta,power,4
ulta,powerful,4
ulta,preference,4
ulta,prep,4
ulta,preventing,4
ulta,process,4
ulta,professional,4
ulta,proof,4
ulta,protect,4
ulta,purge,4
ulta,rare,4
ulta,rating,4
ulta,reduces,4
ulta,reducing,4
ulta,regardless,4
ulta,regimen,4
ulta,remember,4
ulta,repair,4
ulta,replacement,4
ulta,repurchased,4
ulta,resistant,4
ulta,returned,4
ulta,returning,4
ulta,reviewer,4
ulta,rough,4
ulta,rush,4
ulta,sa,4
ulta,scared,4
ulta,sense,4
ulta,severe,4
ulta,shimmer,4
ulta,shimmery,4
ulta,shower,4
ulta,sister,4
ulta,sitting,4
ulta,smoothed,4
ulta,sort,4
ulta,spa,4
ulta,squalane,4
ulta,sticking,4
ulta,straight,4
ulta,stronger,4
ulta,subscription,4
ulta,sugar,4
ulta,switching,4
ulta,synthetic,4
ulta,tag,4
ulta,taken,4
ulta,testing,4
ulta,tho,4
ulta,thoroughly,4
ulta,tired,4
ulta,titanium,4
ulta,topical,4
ulta,total,4
ulta,touched,4
ulta,towards,4
ulta,turning,4
ulta,uncomfortable,4
ulta,undereye,4
ulta,unless,4
ulta,v,4
ulta,video,4
ulta,vitamin,4
ulta,w,4
ulta,wanting,4
ulta,warm,4
ulta,wary,4
ulta,waterproof,4
ulta,white-cast,4
ulta,yay,4
ulta,yeah,4
ulta,young,4
ulta,‚ù§,4
ulta,absolute,3
ulta,accutane,3
ulta,addicted,3
ulta,adjust,3
ulta,admit,3
ulta,advice,3
ulta,afternoon,3
ulta,aging,3
ulta,aid,3
ulta,allowed,3
ulta,alright,3
ulta,among,3
ulta,annoying,3
ulta,antibiotic,3
ulta,anyways,3
ulta,available,3
ulta,average,3
ulta,background,3
ulta,baked,3
ulta,bb,3
ulta,bead,3
ulta,becoming,3
ulta,beet,3
ulta,birthday,3
ulta,bouncy,3
ulta,branding,3
ulta,brighten,3
ulta,brother,3
ulta,brow,3
ulta,brush,3
ulta,build,3
ulta,buttery,3
ulta,cake,3
ulta,cakey,3
ulta,caste,3
ulta,cera,3
ulta,ceramides,3
ulta,clearly,3
ulta,cloth,3
ulta,cluster,3
ulta,colder,3
ulta,colorado,3
ulta,coloring,3
ulta,combo/oily,3
ulta,completion,3
ulta,consider,3
ulta,consistent,3
ulta,constantly,3
ulta,contain,3
ulta,continues,3
ulta,cotz,3
ulta,counter,3
ulta,counteract,3
ulta,creates,3
ulta,creme,3
ulta,daughter,3
ulta,decrease,3
ulta,delicate,3
ulta,detox,3
ulta,develop,3
ulta,dirty,3
ulta,disco,3
ulta,discolored,3
ulta,disliked,3
ulta,dissipates,3
ulta,divine,3
ulta,dog,3
ulta,doubt,3
ulta,drink,3
ulta,duper,3
ulta,earth,3
ulta,earthy,3
ulta,easier,3
ulta,eleven,3
ulta,entirely,3
ulta,ethical,3
ulta,even,3
ulta,eventually,3
ulta,exacerbate,3
ulta,example,3
ulta,except,3
ulta,exfoliate,3
ulta,experiment,3
ulta,experimenting,3
ulta,family,3
ulta,five,3
ulta,fluid,3
ulta,foaming,3
ulta,form,3
ulta,fragranced,3
ulta,freak,3
ulta,fruit,3
ulta,gel-creams,3
ulta,gift,3
ulta,girl,3
ulta,gloss,3
ulta,grayish,3
ulta,grown,3
ulta,haha,3
ulta,hairline,3
ulta,happening,3
ulta,harmful,3
ulta,heavenly,3
ulta,heavier,3
ulta,helpful,3
ulta,hg,3
ulta,highlighter,3
ulta,hint,3
ulta,hit,3
ulta,hive,3
ulta,holding,3
ulta,hoped,3
ulta,hopefully,3
ulta,hue,3
ulta,importantly,3
ulta,impossible,3
ulta,impression,3
ulta,impressive,3
ulta,individual,3
ulta,insanely,3
ulta,inside,3
ulta,intended,3
ulta,internet,3
ulta,itch,3
ulta,jojoba,3
ulta,journey,3
ulta,joy,3
ulta,kid,3
ulta,kinskin,3
ulta,learning,3
ulta,living,3
ulta,luckily,3
ulta,mail,3
ulta,maintain,3
ulta,marketing,3
ulta,marshmallowy,3
ulta,material,3
ulta,mature,3
ulta,medicine,3
ulta,mellow,3
ulta,midday,3
ulta,milk,3
ulta,minor,3
ulta,miracle,3
ulta,mood,3
ulta,mostly,3
ulta,mouth,3
ulta,moved,3
ulta,n,3
ulta,nasty,3
ulta,near,3
ulta,needing,3
ulta,neutral,3
ulta,nightly,3
ulta,nightmare,3
ulta,non-greasy,3
ulta,non-sticky,3
ulta,non-toxic,3
ulta,noticing,3
ulta,occasionally,3
ulta,oily/combo,3
ulta,opposed,3
ulta,opposite,3
ulta,outdoor,3
ulta,p.s,3
ulta,pack,3
ulta,paid,3
ulta,pair,3
ulta,paper,3
ulta,patient,3
ulta,peach,3
ulta,peeling,3
ulta,percentage,3
ulta,performs,3
ulta,perioral,3
ulta,ph,3
ulta,pharmacy,3
ulta,pick-me-up,3
ulta,picked,3
ulta,picking,3
ulta,piling,3
ulta,pilled,3
ulta,pinkish,3
ulta,plenty,3
ulta,pm,3
ulta,pool,3
ulta,portion,3
ulta,possible,3
ulta,post,3
ulta,pot,3
ulta,potential,3
ulta,powering,3
ulta,prevents,3
ulta,prior,3
ulta,production,3
ulta,properly,3
ulta,pudding,3
ulta,purging,3
ulta,random,3
ulta,raw,3
ulta,real,3
ulta,reapplication,3
ulta,relaxing,3
ulta,religiously,3
ulta,remedy,3
ulta,remembered,3
ulta,removed,3
ulta,researching,3
ulta,rinse,3
ulta,roche,3
ulta,root,3
ulta,row,3
ulta,ruin,3
ulta,rule,3
ulta,salicylic,3
ulta,satin,3
ulta,satisfied,3
ulta,seamlessly,3
ulta,seeps,3
ulta,self-reflect,3
ulta,separate,3
ulta,serious,3
ulta,short,3
ulta,shrink,3
ulta,skip,3
ulta,slide,3
ulta,soaking,3
ulta,somewhat,3
ulta,soo,3
ulta,sparkle,3
ulta,standard,3
ulta,starter,3
ulta,stock,3
ulta,stocking,3
ulta,struggling,3
ulta,stuck,3
ulta,suffer,3
ulta,sunny,3
ulta,teen,3
ulta,term,3
ulta,terribly,3
ulta,thus,3
ulta,tingling,3
ulta,tolerable,3
ulta,tolerate,3
ulta,transparent,3
ulta,treated,3
ulta,trust,3
ulta,tsp,3
ulta,tula,3
ulta,ultra,3
ulta,unclog,3
ulta,unhappy,3
ulta,unnecessary,3
ulta,usage,3
ulta,usual,3
ulta,vacation,3
ulta,vaseline,3
ulta,vibe,3
ulta,visibly,3
ulta,waiting,3
ulta,warmer,3
ulta,warning,3
ulta,wherever,3
ulta,whether,3
ulta,wiped,3
ulta,wondering,3
ulta,word,3
ulta,worry,3
ulta,worst,3
ulta,yr,3
ulta,‚ú®,3
ulta,üòÉ,3
ulta,^‚Ä¢^,2
ulta,acidic,2
ulta,ad,2
ulta,addict,2
ulta,address,2
ulta,adequately,2
ulta,aesthetic,2
ulta,affarid,2
ulta,air,2
ulta,aka,2
ulta,alkane,2
ulta,allows,2
ulta,alot,2
ulta,and/or,2
ulta,and‚Äîafter,2
ulta,angry,2
ulta,apple,2
ulta,applicator,2
ulta,arrived,2
ulta,artificially,2
ulta,artist,2
ulta,ashy,2
ulta,asian,2
ulta,assume,2
ulta,attack,2
ulta,avobenzone,2
ulta,awake,2
ulta,awakened,2
ulta,b,2
ulta,backpack,2
ulta,badge,2
ulta,banana,2
ulta,bank,2
ulta,barefaced,2
ulta,basically,2
ulta,bat,2
ulta,beach,2
ulta,bearable,2
ulta,becomes,2
ulta,begin,2
ulta,beneficiary,2
ulta,bhas,2
ulta,biggest,2
ulta,bill,2
ulta,biossance,2
ulta,black,2
ulta,blemish-prone,2
ulta,botanical,2
ulta,bothered,2
ulta,bottle,2
ulta,bottom,2
ulta,breathe,2
ulta,brightwave,2
ulta,brought,2
ulta,bubbly,2
ulta,buckle,2
ulta,bummed,2
ulta,bumpy,2
ulta,burnt,2
ulta,bye,2
ulta,call,2
ulta,called,2
ulta,canada,2
ulta,cancel,2
ulta,candy,2
ulta,caught,2
ulta,cell,2
ulta,cerave,2
ulta,cetaphil,2
ulta,chalky-looking,2
ulta,chest,2
ulta,childhood,2
ulta,chnaged,2
ulta,chore,2
ulta,christmas,2
ulta,citrus,2
ulta,city,2
ulta,clarity,2
ulta,client,2
ulta,clindamycin,2
ulta,cling,2
ulta,clinique,2
ulta,cloud,2
ulta,coin,2
ulta,collection,2
ulta,combat,2
ulta,combination/acne,2
ulta,comforting/way,2
ulta,commitment,2
ulta,common,2
ulta,complex,2
ulta,concerned,2
ulta,condition,2
ulta,confidence,2
ulta,confident,2
ulta,confused,2
ulta,conscious,2
ulta,considerably,2
ulta,considered,2
ulta,cookie,2
ulta,correct,2
ulta,cortizone,2
ulta,cosmetic,2
ulta,courier,2
ulta,covered,2
ulta,crease,2
ulta,created,2
ulta,creating,2
ulta,critique,2
ulta,cropping,2
ulta,crusty,2
ulta,culprit,2
ulta,cure,2
ulta,cut,2
ulta,damp,2
ulta,darkness,2
ulta,date,2
ulta,dawg,2
ulta,decently,2
ulta,decolletage,2
ulta,decreasing,2
ulta,dedicated,2
ulta,degree,2
ulta,delightful,2
ulta,depend,2
ulta,derma,2
ulta,desirable,2
ulta,desired,2
ulta,dessert,2
ulta,developed,2
ulta,dew,2
ulta,dewier,2
ulta,die,2
ulta,differently,2
ulta,diminished,2
ulta,dioxide,2
ulta,dirt/oil,2
ulta,disappear,2
ulta,disappoint,2
ulta,discoloration,2
ulta,discontinue,2
ulta,discontinued,2
ulta,dispense,2
ulta,distracting,2
ulta,donut,2
ulta,dr,2
ulta,dramatic,2
ulta,draw,2
ulta,dreamt,2
ulta,drew,2
ulta,dry-touch,2
ulta,dry/combo,2
ulta,e,2
ulta,earned,2
ulta,eat,2
ulta,efficiently,2
ulta,elegant,2
ulta,elf,2
ulta,enjoyable,2
ulta,enjoying,2
ulta,enticing,2
ulta,environmental,2
ulta,er,2
ulta,essence,2
ulta,esthetician,2
ulta,evening,2
ulta,evenly,2
ulta,ewg,2
ulta,exceeded,2
ulta,exfoliated,2
ulta,exist,2
ulta,explain,2
ulta,extract,2
ulta,extraction,2
ulta,ezcema,2
ulta,fab,2
ulta,faced,2
ulta,factor,2
ulta,fairer-skinned,2
ulta,fake,2
ulta,falling,2
ulta,fare,2
ulta,farmacy,2
ulta,fart,2
ulta,favs,2
ulta,feared,2
ulta,fee,2
ulta,fellow,2
ulta,fighting,2
ulta,figure,2
ulta,fingertip,2
ulta,finishing,2
ulta,firmness,2
ulta,flake,2
ulta,flakey,2
ulta,flakiness,2
ulta,flattering,2
ulta,flawlessly,2
ulta,fluff,2
ulta,foamy,2
ulta,fooled,2
ulta,fraction,2
ulta,fragrant,2
ulta,frequently,2
ulta,functional,2
ulta,gal,2
ulta,gel-like,2
ulta,gentlest,2
ulta,glazed,2
ulta,glow-y,2
ulta,glowy/dewy,2
ulta,go-tos,2
ulta,godly,2
ulta,godsend,2
ulta,golden,2
ulta,golf,2
ulta,good,2
ulta,goodbye,2
ulta,goop,2
ulta,gorgeous,2
ulta,grab,2
ulta,grain,2
ulta,greasiness,2
ulta,greasy-which,2
ulta,grocery,2
ulta,guessing,2
ulta,handle,2
ulta,hanging,2
ulta,happier,2
ulta,happily,2
ulta,headache,2
ulta,healed,2
ulta,health,2
ulta,heart,2
ulta,heftier,2
ulta,hero,2
ulta,hesitate,2
ulta,hide,2
ulta,hike,2
ulta,hooray,2
ulta,horrific,2
ulta,hotter,2
ulta,hr,2
ulta,huda,2
ulta,hunting,2
ulta,hve,2
ulta,icing,2
ulta,ideally,2
ulta,idk,2
ulta,ie,2
ulta,ig,2
ulta,ill,2
ulta,imaging,2
ulta,imparts,2
ulta,improve,2
ulta,indescribable,2
ulta,indoors,2
ulta,inflammation,2
ulta,initiative,2
ulta,instant,2
ulta,intensely,2
ulta,invisible,2
ulta,ive,2
ulta,jaw,2
ulta,junk,2
ulta,keeper,2
ulta,key,2
ulta,knock,2
ulta,land,2
ulta,lastly,2
ulta,launched,2
ulta,layering,2
ulta,lean,2
ulta,learned,2
ulta,led,2
ulta,lessened,2
ulta,lighten,2
ulta,lightened,2
ulta,like,2
ulta,lily,2
ulta,listen,2
ulta,lite,2
ulta,lived,2
ulta,load,2
ulta,location,2
ulta,lotion-like,2
ulta,lower,2
ulta,loyal,2
ulta,luminous,2
ulta,magical,2
ulta,main,2
ulta,major,2
ulta,march,2
ulta,match,2
ulta,matte-like,2
ulta,maximum,2
ulta,measurably,2
ulta,medicinal,2
ulta,meeting,2
ulta,meh,2
ulta,melanated,2
ulta,melanin,2
ulta,melasma,2
ulta,melted,2
ulta,melting,2
ulta,mention,2
ulta,metallic,2
ulta,mexico,2
ulta,microneedling,2
ulta,milky,2
ulta,minimize,2
ulta,minimizes,2
ulta,mission,2
ulta,mist,2
ulta,moderate,2
ulta,moist,2
ulta,moment,2
ulta,moving,2
ulta,muffin,2
ulta,must-have,2
ulta,nd,2
ulta,necessary,2
ulta,neither,2
ulta,neutrogena,2
ulta,never-ending,2
ulta,nighttime,2
ulta,no-makeup,2
ulta,non-harsh,2
ulta,non-irritable,2
ulta,non-nano,2
ulta,nope,2
ulta,normal-dry,2
ulta,normal/dry,2
ulta,noted,2
ulta,noticably,2
ulta,nourished,2
ulta,nut,2
ulta,obviously,2
ulta,occlusive,2
ulta,odd,2
ulta,offered,2
ulta,og,2
ulta,oily/acne,2
ulta,oily/combination,2
ulta,ointment,2
ulta,open,2
ulta,order,2
ulta,organic,2
ulta,out.üíì,2
ulta,outer,2
ulta,owp,2
ulta,packing,2
ulta,paired,2
ulta,pampering,2
ulta,par,2
ulta,park,2
ulta,partially,2
ulta,partnered,2
ulta,passed,2
ulta,passion,2
ulta,paste,2
ulta,pastry/vanilla,2
ulta,pasty,2
ulta,patted,2
ulta,pay,2
ulta,paying,2
ulta,pea,2
ulta,pearlescent,2
ulta,pearly,2
ulta,per,2
ulta,performed,2
ulta,perk,2
ulta,petroleum,2
ulta,philosophy,2
ulta,pigment,2
ulta,plain,2
ulta,plumped,2
ulta,poc,2
ulta,policy,2
ulta,polypeptide,2
ulta,popular,2
ulta,posay,2
ulta,post-wash,2
ulta,ppl,2
ulta,practice,2
ulta,prescription,2
ulta,prettiest,2
ulta,prevention,2
ulta,previous,2
ulta,previously,2
ulta,producing,2
ulta,progress,2
ulta,promised,2
ulta,promote,2
ulta,proper,2
ulta,protini,2
ulta,provide,2
ulta,providing,2
ulta,puffiness,2
ulta,pulled,2
ulta,pumped,2
ulta,pure,2
ulta,pustule/whitehead,2
ulta,quest,2
ulta,question,2
ulta,quote,2
ulta,radiates,2
ulta,radiation,2
ulta,rarely,2
ulta,rated,2
ulta,rave,2
ulta,reactive,2
ulta,realized,2
ulta,reapplied,2
ulta,reasonable,2
ulta,rebalance,2
ulta,recomend,2
ulta,recommending,2
ulta,reef-safe,2
ulta,regard,2
ulta,regularly,2
ulta,rejuvenated,2
ulta,reliable,2
ulta,reminded,2
ulta,request,2
ulta,requires,2
ulta,rescue,2
ulta,respond,2
ulta,responds,2
ulta,resulting,2
ulta,reviewed,2
ulta,reviewing,2
ulta,rich,2
ulta,ridiculously,2
ulta,rinsing,2
ulta,ritual,2
ulta,road,2
ulta,round,2
ulta,rounded,2
ulta,safer,2
ulta,sampled,2
ulta,sank,2
ulta,sat,2
ulta,save,2
ulta,scaly,2
ulta,scarred,2
ulta,seborrheic,2
ulta,sebum,2
ulta,seemingly,2
ulta,sensitized,2
ulta,shape,2
ulta,shared,2
ulta,sharing,2
ulta,shinier,2
ulta,shipped,2
ulta,shook,2
ulta,shoot,2
ulta,showed,2
ulta,sick,2
ulta,sickly,2
ulta,sight,2
ulta,sign,2
ulta,silk,2
ulta,skin‚Äîhave,2
ulta,slip,2
ulta,slower,2
ulta,smidge,2
ulta,soaked,2
ulta,soapy,2
ulta,soccer,2
ulta,social,2
ulta,solid,2
ulta,sooner,2
ulta,soothe,2
ulta,soothed,2
ulta,sorry,2
ulta,special,2
ulta,specifically,2
ulta,speed,2
ulta,spf/primer,2
ulta,splash,2
ulta,splotch,2
ulta,sport,2
ulta,squeaky,2
ulta,squeeze,2
ulta,squirting,2
ulta,static,2
ulta,stinging/burning,2
ulta,stressed,2
ulta,stub,2
ulta,stumbled,2
ulta,substance,2
ulta,success,2
ulta,sucked,2
ulta,sucker,2
ulta,sudden,2
ulta,suddenly,2
ulta,suffocating,2
ulta,suggest,2
ulta,suitable,2
ulta,suited,2
ulta,suppose,2
ulta,supposedly,2
ulta,surpass,2
ulta,surprise,2
ulta,swelling,2
ulta,swim,2
ulta,tackiness,2
ulta,tad,2
ulta,tansy,2
ulta,taste,2
ulta,technique,2
ulta,teenager,2
ulta,teeny,2
ulta,teeth,2
ulta,thankful,2
ulta,thirsty,2
ulta,thought-out,2
ulta,thoughtful,2
ulta,tik,2
ulta,toddler,2
ulta,tok,2
ulta,toning,2
ulta,tool,2
ulta,toothpaste,2
ulta,topping,2
ulta,touching,2
ulta,tough,2
ulta,track,2
ulta,traded,2
ulta,trend,2
ulta,trick,2
ulta,tropical,2
ulta,tween,2
ulta,tx,2
ulta,ultimately,2
ulta,umbra,2
ulta,unbearable,2
ulta,uncomfortably,2
ulta,undereyes,2
ulta,uneven,2
ulta,unified,2
ulta,unlike,2
ulta,unpleasant,2
ulta,utterly,2
ulta,vacay,2
ulta,vanilla-y,2
ulta,variety,2
ulta,verdict,2
ulta,voila,2
ulta,volume,2
ulta,walk,2
ulta,walking,2
ulta,washed-out,2
ulta,watched,2
ulta,watching,2
ulta,watering,2
ulta,wearable,2
ulta,weirdly,2
ulta,whiff,2
ulta,wholesome,2
ulta,winner,2
ulta,withour,2
ulta,wonderfully,2
ulta,wont,2
ulta,worthwhile,2
ulta,wouldnt,2
ulta,written,2
ulta,yea,2
ulta,zap,2
ulta,‚Ä¢does,2
ulta,‚Ä¢non,2
ulta,‚ú®magical‚ú®,2
ulta,üëèeveryüëèthingüëè,2
ulta,üëèinsta,2
ulta,üëèswipeüëè,2
ulta,üòäüí°,2
ulta,üòç,2
ulta,abandoning,1
ulta,absorbable,1
ulta,absurdly,1
ulta,abt,1
ulta,accessible,1
ulta,accommodate,1
ulta,according,1
ulta,account,1
ulta,achieved,1
ulta,acne-covered,1
ulta,acne/makes,1
ulta,acne/rosacea,1
ulta,acneic,1
ulta,action,1
ulta,actively,1
ulta,acure,1
ulta,adapalene,1
ulta,adapt,1
ulta,addictive,1
ulta,additional,1
ulta,addressing,1
ulta,adjustment,1
ulta,advanced,1
ulta,adverse,1
ulta,adversely,1
ulta,advertised,1
ulta,advertises,1
ulta,afford,1
ulta,affordability,1
ulta,aforementioned,1
ulta,aggravate,1
ulta,aggravated,1
ulta,aggravating,1
ulta,aggressive,1
ulta,agreed,1
ulta,aha/bha,1
ulta,ahas,1
ulta,ahead,1
ulta,ahmazing,1
ulta,ala,1
ulta,albeit,1
ulta,alert,1
ulta,align,1
ulta,all-mineral,1
ulta,all-over,1
ulta,allergy/irritation,1
ulta,alley,1
ulta,alternate,1
ulta,altogether,1
ulta,amaaaazing,1
ulta,amazinggggg,1
ulta,amongst,1
ulta,andalou,1
ulta,angle,1
ulta,angriest,1
ulta,angriness,1
ulta,animal,1
ulta,anti-aging,1
ulta,anticipate,1
ulta,anticipated,1
ulta,antioxidant,1
ulta,anxious,1
ulta,anyhow,1
ulta,anytime,1
ulta,apparently,1
ulta,appealing,1
ulta,appeared,1
ulta,appears,1
ulta,applaud,1
ulta,appointment,1
ulta,approximately,1
ulta,argan,1
ulta,arid,1
ulta,arrives,1
ulta,asap,1
ulta,ashen,1
ulta,aside,1
ulta,asked,1
ulta,asking,1
ulta,asks,1
ulta,associate,1
ulta,assuming,1
ulta,asthma,1
ulta,atest,1
ulta,atleast,1
ulta,atm,1
ulta,atopic,1
ulta,attached,1
ulta,aunt,1
ulta,automatically,1
ulta,aveeno,1
ulta,avid,1
ulta,avoided,1
ulta,awhile.turns,1
ulta,awkward,1
ulta,ay,1
ulta,babo,1
ulta,backfire,1
ulta,backup,1
ulta,badescu,1
ulta,balling,1
ulta,bare,1
ulta,bash,1
ulta,batch,1
ulta,bath,1
ulta,batter,1
ulta,bcz,1
ulta,beat,1
ulta,beckons,1
ulta,bedtime,1
ulta,bedtimeüòäüëÑ,1
ulta,bee,1
ulta,begging,1
ulta,beginner,1
ulta,beginning,1
ulta,beige,1
ulta,believed,1
ulta,belif,1
ulta,beloved,1
ulta,benzo.peroxide,1
ulta,better/more,1
ulta,beware,1
ulta,bipoc,1
ulta,bite,1
ulta,biweekly,1
ulta,bland,1
ulta,blanked,1
ulta,bled,1
ulta,bleed,1
ulta,bless,1
ulta,blew,1
ulta,bliss,1
ulta,block,1
ulta,blocking,1
ulta,blood,1
ulta,blot,1
ulta,blotch,1
ulta,blotting,1
ulta,blurred,1
ulta,boat,1
ulta,body-wide,1
ulta,bogus,1
ulta,boost,1
ulta,boosting,1
ulta,bored,1
ulta,bothersome,1
ulta,box.my,1
ulta,boy,1
ulta,brake,1
ulta,branch,1
ulta,branching,1
ulta,break-outs,1
ulta,breaker,1
ulta,breakout-prone,1
ulta,breathable,1
ulta,breeze,1
ulta,brewing,1
ulta,brownish/olive,1
ulta,br√ªl√©e,1
ulta,btw,1
ulta,bubble,1
ulta,budget,1
ulta,bug,1
ulta,buildup,1
ulta,built,1
ulta,bulk,1
ulta,bullet,1
ulta,bummer,1
ulta,burt,1
ulta,business,1
ulta,busy,1
ulta,button,1
ulta,cabinet,1
ulta,caffeine,1
ulta,caked,1
ulta,cali,1
ulta,california,1
ulta,calling,1
ulta,camouflage,1
ulta,cancer,1
ulta,candle,1
ulta,cant,1
ulta,cantankerous,1
ulta,carry,1
ulta,cash,1
ulta,casted,1
ulta,casual,1
ulta,caution,1
ulta,cc,1
ulta,certificate,1
ulta,cerva,1
ulta,chance.ok,1
ulta,chap,1
ulta,chapstick,1
ulta,chef,1
ulta,chemical-y,1
ulta,chemically,1
ulta,cherry,1
ulta,chicago,1
ulta,chip,1
ulta,chocolatey,1
ulta,choosing,1
ulta,chosen,1
ulta,chronic,1
ulta,cider,1
ulta,circular,1
ulta,citrix,1
ulta,citrus/earth,1
ulta,claimed,1
ulta,claiming,1
ulta,classify,1
ulta,clean/vegan/no-silicone/mineral,1
ulta,cleanser‚Äîit,1
ulta,clicked,1
ulta,clinging,1
ulta,clinical,1
ulta,closest,1
ulta,clothes,1
ulta,clothing,1
ulta,clump,1
ulta,clumpy,1
ulta,coated,1
ulta,cocoa,1
ulta,cocokind,1
ulta,coconut-vanilla,1
ulta,code,1
ulta,collagen,1
ulta,collect,1
ulta,college,1
ulta,coloration,1
ulta,colorescience,1
ulta,colorful,1
ulta,combative,1
ulta,combination/dry,1
ulta,combination/oily,1
ulta,combine,1
ulta,combo-dry,1
ulta,combo/sensitive,1
ulta,comedogenic,1
ulta,comforted,1
ulta,commented,1
ulta,commenting,1
ulta,committed,1
ulta,committing,1
ulta,comparable,1
ulta,comparison,1
ulta,compatible,1
ulta,compelled,1
ulta,complaining,1
ulta,complected,1
ulta,component,1
ulta,conceal,1
ulta,concentrate,1
ulta,concentrated,1
ulta,concentration,1
ulta,conjunction,1
ulta,connoisseur,1
ulta,consequence,1
ulta,conservative,1
ulta,considerable,1
ulta,consideration,1
ulta,constant,1
ulta,consulting,1
ulta,consumer,1
ulta,contact,1
ulta,containing,1
ulta,content,1
ulta,contest,1
ulta,context,1
ulta,continuing,1
ulta,continuously,1
ulta,contour,1
ulta,controlled,1
ulta,controlling,1
ulta,controversy,1
ulta,convert,1
ulta,cooling/tingling,1
ulta,coral,1
ulta,corn,1
ulta,corrected,1
ulta,correlate,1
ulta,cosmetically,1
ulta,cosrx,1
ulta,cotton,1
ulta,couldnt,1
ulta,count,1
ulta,country,1
ulta,crack,1
ulta,cracked,1
ulta,cranky,1
ulta,cream-like,1
ulta,creamier,1
ulta,creamiscle,1
ulta,creasing,1
ulta,creator,1
ulta,creeping,1
ulta,crepe,1
ulta,criticism,1
ulta,cross,1
ulta,cruelity-free,1
ulta,crystal,1
ulta,cult,1
ulta,curb,1
ulta,customer-oriented,1
ulta,dairy,1
ulta,dallas,1
ulta,damaged,1
ulta,dandruff,1
ulta,dang,1
ulta,dare,1
ulta,dealbreaker,1
ulta,decide,1
ulta,decides,1
ulta,decision,1
ulta,decreased,1
ulta,dedication,1
ulta,deducted,1
ulta,deeply,1
ulta,defense,1
ulta,definately,1
ulta,definite,1
ulta,defintely,1
ulta,defying,1
ulta,dehydration-prone,1
ulta,delay,1
ulta,deliever,1
ulta,delighted,1
ulta,delta,1
ulta,demi,1
ulta,demographic,1
ulta,demonstration,1
ulta,dentist,1
ulta,depressed,1
ulta,derived,1
ulta,derma-e,1
ulta,deserves,1
ulta,designer,1
ulta,desire,1
ulta,desperation,1
ulta,despise,1
ulta,despises,1
ulta,dessert-scented,1
ulta,detect,1
ulta,detectable,1
ulta,detergent,1
ulta,deterrent,1
ulta,developing,1
ulta,devoted,1
ulta,devout,1
ulta,dewy-fy,1
ulta,dewy/bright,1
ulta,diagnosed,1
ulta,diagnosis,1
ulta,dickens,1
ulta,diet,1
ulta,differen,1
ulta,difference‚Ä¶,1
ulta,diluted,1
ulta,dime,1
ulta,dimensional,1
ulta,diminishes,1
ulta,diminishing,1
ulta,dior,1
ulta,dipping,1
ulta,disagree,1
ulta,disappearing,1
ulta,disappointment,1
ulta,disappoints,1
ulta,disastrous,1
ulta,discomfort,1
ulta,discount,1
ulta,discovering,1
ulta,discovery,1
ulta,disgusting,1
ulta,dispensing,1
ulta,disperse,1
ulta,dissipate,1
ulta,distort,1
ulta,ditch,1
ulta,divot,1
ulta,dob,1
ulta,doctor,1
ulta,dollar,1
ulta,dose,1
ulta,dot/smear,1
ulta,dotting,1
ulta,doubling,1
ulta,dough,1
ulta,downhill,1
ulta,downwards,1
ulta,drag,1
ulta,drag/tug,1
ulta,dramatically,1
ulta,drastic,1
ulta,drawer,1
ulta,dressing,1
ulta,dripping,1
ulta,drive,1
ulta,drooled,1
ulta,dry/dehydrated,1
ulta,dry/flakey,1
ulta,dry/flaky,1
ulta,dumped,1
ulta,dusting,1
ulta,duty,1
ulta,ease,1
ulta,east,1
ulta,eco,1
ulta,eczema-prone,1
ulta,edition,1
ulta,effectiveü§Ø,1
ulta,efficacy,1
ulta,effortless,1
ulta,effortlessly,1
ulta,ehhh,1
ulta,eliminate,1
ulta,elmer,1
ulta,elsewhere,1
ulta,em,1
ulta,embarrassed,1
ulta,embarrassment,1
ulta,employee,1
ulta,empty,1
ulta,en,1
ulta,encourages,1
ulta,endless,1
ulta,endocrine,1
ulta,energized,1
ulta,ensure,1
ulta,ensures,1
ulta,enter,1
ulta,enthralled,1
ulta,environmentally-friendly,1
ulta,epic,1
ulta,epidermal,1
ulta,epidermis,1
ulta,epsy,1
ulta,equal,1
ulta,equally,1
ulta,eradicated,1
ulta,errand,1
ulta,ester,1
ulta,est√©e,1
ulta,ethical/cruelty,1
ulta,ethos,1
ulta,etsy,1
ulta,evaporating,1
ulta,evened,1
ulta,event,1
ulta,everytime,1
ulta,evidence,1
ulta,evvveeerrrr,1
ulta,exact,1
ulta,excessively,1
ulta,exercising,1
ulta,exfoliants,1
ulta,exfoliator,1
ulta,existing,1
ulta,exit,1
ulta,expecting/wanting,1
ulta,experiencing,1
ulta,expert,1
ulta,exponentially,1
ulta,expression,1
ulta,exspensive,1
ulta,extensive,1
ulta,extra-sensitive,1
ulta,eyes/cheeks,1
ulta,fabulous,1
ulta,facor,1
ulta,factory,1
ulta,fading,1
ulta,faintly,1
ulta,fair-ish,1
ulta,fair-medium,1
ulta,fair/light,1
ulta,fair/medium,1
ulta,fairer/lighter,1
ulta,fall,1
ulta,fall/winter,1
ulta,fall/winter/spring,1
ulta,fallen,1
ulta,false,1
ulta,fam,1
ulta,fanatic,1
ulta,fault,1
ulta,favour,1
ulta,fear,1
ulta,feat,1
ulta,featherlight,1
ulta,feature,1
ulta,february,1
ulta,feedback,1
ulta,feel/smell,1
ulta,fence,1
ulta,fertility,1
ulta,fewer,1
ulta,figuring,1
ulta,filler,1
ulta,finiky,1
ulta,fir,1
ulta,firmed,1
ulta,fitting,1
ulta,fitzpatrick,1
ulta,fixed,1
ulta,flaking,1
ulta,flare-up,1
ulta,flash,1
ulta,flavor,1
ulta,flower,1
ulta,fluffy,1
ulta,fluke,1
ulta,fluoride,1
ulta,flush,1
ulta,fo,1
ulta,folllow,1
ulta,followed,1
ulta,food,1
ulta,for.some,1
ulta,foreverrr,1
ulta,forge,1
ulta,formed,1
ulta,forming,1
ulta,fornula,1
ulta,forty,1
ulta,fragrance-sensitive,1
ulta,freaking,1
ulta,freckle,1
ulta,freckled,1
ulta,free/plant-based/reef-safe/all,1
ulta,frequency,1
ulta,frequent,1
ulta,friday,1
ulta,front,1
ulta,frosting,1
ulta,frosty,1
ulta,frustrating,1
ulta,function,1
ulta,funky,1
ulta,funny,1
ulta,g,1
ulta,garbage,1
ulta,gasp,1
ulta,gem,1
ulta,genetic,1
ulta,ghostly,1
ulta,gifting,1
ulta,gimmicky,1
ulta,ginger,1
ulta,ginzing,1
ulta,glambag,1
ulta,glance,1
ulta,glenda,1
ulta,glitter,1
ulta,glob,1
ulta,gloppy,1
ulta,glossier,1
ulta,glossy/reflective,1
ulta,glowly,1
ulta,glowy-finish,1
ulta,glue,1
ulta,glycerin,1
ulta,glycolic,1
ulta,gma,1
ulta,goat,1
ulta,goldilocks,1
ulta,goooddd,1
ulta,goopy,1
ulta,gr,1
ulta,grabbed,1
ulta,grade,1
ulta,grateful,1
ulta,gravely,1
ulta,grayish-white,1
ulta,greasier,1
ulta,greasy-hair,1
ulta,greasy/oily,1
ulta,great-like,1
ulta,greatly,1
ulta,greatness,1
ulta,greezy,1
ulta,greyish,1
ulta,grime,1
ulta,grimy,1
ulta,grit,1
ulta,gritty,1
ulta,growing,1
ulta,grows,1
ulta,guaranteed,1
ulta,habit,1
ulta,hairline/lashes/brows,1
ulta,halloween,1
ulta,handful,1
ulta,handled,1
ulta,hang,1
ulta,happiness,1
ulta,harass,1
ulta,hardly,1
ulta,hath,1
ulta,havoc,1
ulta,heal,1
ulta,heat,1
ulta,heatwave,1
ulta,heightened,1
ulta,hello,1
ulta,henriksen,1
ulta,herbivore,1
ulta,hereditary,1
ulta,hi,1
ulta,hiccup,1
ulta,high-end,1
ulta,hiking,1
ulta,history,1
ulta,hoarder,1
ulta,holographic,1
ulta,homemade,1
ulta,homeopathy,1
ulta,homosalate,1
ulta,honesty,1
ulta,honor,1
ulta,hooded,1
ulta,hormone,1
ulta,horrendous,1
ulta,hospital,1
ulta,hubby,1
ulta,hug,1
ulta,human,1
ulta,hyaluronics,1
ulta,hyrum,1
ulta,icecream,1
ulta,icky,1
ulta,ignore,1
ulta,image,1
ulta,impact,1
ulta,impacting,1
ulta,impeccably,1
ulta,importance,1
ulta,impressively,1
ulta,impulse,1
ulta,in-store,1
ulta,inc,1
ulta,incentive,1
ulta,inch,1
ulta,inclined,1
ulta,includes,1
ulta,inclusive,1
ulta,inclusiveness,1
ulta,incompatible,1
ulta,incorporate,1
ulta,incorporating,1
ulta,increasingly,1
ulta,indian,1
ulta,indicated,1
ulta,indie,1
ulta,indulge,1
ulta,industry,1
ulta,inflame,1
ulta,influencer,1
ulta,influencers,1
ulta,information,1
ulta,injecting,1
ulta,injection,1
ulta,inkey,1
ulta,insecure,1
ulta,insist,1
ulta,insoluble,1
ulta,inspired,1
ulta,intend,1
ulta,inter,1
ulta,interaction,1
ulta,interested,1
ulta,interesting,1
ulta,intervention,1
ulta,intothegloss,1
ulta,intrigued,1
ulta,introduce,1
ulta,introducing,1
ulta,introductory,1
ulta,invest,1
ulta,invigorating,1
ulta,invisibly,1
ulta,iridescence,1
ulta,iridescent,1
ulta,irks,1
ulta,iron,1
ulta,irritable,1
ulta,irritant,1
ulta,irritation/clogging,1
ulta,island,1
ulta,isnt,1
ulta,isotretinoin,1
ulta,itb,1
ulta,itching,1
ulta,itd,1
ulta,item/items,1
ulta,iv,1
ulta,i√¢¬Ä¬ôm,1
ulta,january,1
ulta,jart,1
ulta,jawline,1
ulta,jolly,1
ulta,josie,1
ulta,joyful,1
ulta,judging,1
ulta,junkie,1
ulta,jurlique,1
ulta,k,1
ulta,k-beauty,1
ulta,keratosis,1
ulta,kicker,1
ulta,kiehls,1
ulta,kinship-please,1
ulta,kinship.‚ù§,1
ulta,kiss,1
ulta,knocked,1
ulta,knocking,1
ulta,known,1
ulta,kombucha,1
ulta,krispie,1
ulta,l,1
ulta,lab,1
ulta,label,1
ulta,labeled,1
ulta,lack,1
ulta,lactic,1
ulta,lady,1
ulta,lake,1
ulta,lanc√¥me,1
ulta,landed,1
ulta,largely,1
ulta,laser,1
ulta,late,1
ulta,latest,1
ulta,lathering,1
ulta,lauder,1
ulta,launching,1
ulta,lauryl,1
ulta,layered,1
ulta,laying,1
ulta,lazy,1
ulta,lead,1
ulta,leading,1
ulta,learn,1
ulta,lee,1
ulta,leftover,1
ulta,legitimate,1
ulta,letdown,1
ulta,letting,1
ulta,liar,1
ulta,licensed,1
ulta,lid,1
ulta,lifesaver,1
ulta,lift,1
ulta,light-weight,1
ulta,light/medium,1
ulta,lighter/no,1
ulta,lightest,1
ulta,lightly-not,1
ulta,lightness,1
ulta,lightskin,1
ulta,lil,1
ulta,limited,1
ulta,limited-edition,1
ulta,limonene/parfum,1
ulta,linalool/parfum,1
ulta,lingering,1
ulta,liquid,1
ulta,listened,1
ulta,listening,1
ulta,lit,1
ulta,literal,1
ulta,lively,1
ulta,local,1
ulta,lock,1
ulta,locked,1
ulta,lol^,1
ulta,loli,1
ulta,longest,1
ulta,look/feel,1
ulta,looke,1
ulta,loooong,1
ulta,loooove,1
ulta,looove,1
ulta,loosing,1
ulta,lose,1
ulta,loss,1
ulta,loud,1
ulta,loveeee,1
ulta,loveeeee,1
ulta,lovekinship‚ù§,1
ulta,low-waste,1
ulta,lucky,1
ulta,luscious,1
ulta,luxury,1
ulta,lying,1
ulta,mac,1
ulta,maelove,1
ulta,magically,1
ulta,maintenance,1
ulta,majority,1
ulta,makeuppy,1
ulta,male,1
ulta,man,1
ulta,manageable,1
ulta,managing,1
ulta,mango,1
ulta,manual,1
ulta,manufacture,1
ulta,maple,1
ulta,maran,1
ulta,marathon,1
ulta,marine,1
ulta,mario,1
ulta,marked,1
ulta,marketed,1
ulta,marshmallow-ish,1
ulta,marshmallow-y,1
ulta,marshmello,1
ulta,marshmellow,1
ulta,marshmellow-y,1
ulta,marshmellowy,1
ulta,masking,1
ulta,massage,1
ulta,matte/glowy-not-greasy,1
ulta,matte/smaller,1
ulta,mattescreen,1
ulta,matti-fy,1
ulta,mattified,1
ulta,md,1
ulta,mdsolarscience,1
ulta,meaning,1
ulta,medium-dark,1
ulta,meet,1
ulta,melanin-rich,1
ulta,mello,1
ulta,mentioned-it,1
ulta,messed,1
ulta,met,1
ulta,method,1
ulta,micellar,1
ulta,microbiome,1
ulta,microdermabrasion,1
ulta,mid,1
ulta,middle,1
ulta,migraine,1
ulta,mildly,1
ulta,military,1
ulta,million,1
ulta,mineral-based,1
ulta,mineral/physical,1
ulta,minimalamount,1
ulta,minimized,1
ulta,minimizing,1
ulta,minimum,1
ulta,misdiagnosed,1
ulta,misleading,1
ulta,mistaken,1
ulta,moderation,1
ulta,moisturising,1
ulta,moisturizer.love,1
ulta,mommy,1
ulta,monthly,1
ulta,moreso,1
ulta,mother,1
ulta,mother-in-law,1
ulta,motion,1
ulta,mouse-cream,1
ulta,movement,1
ulta,multitasker,1
ulta,must-buy,1
ulta,musty,1
ulta,mychelle,1
ulta,nah,1
ulta,nail,1
ulta,nailed,1
ulta,nano,1
ulta,nars,1
ulta,natural-feeling,1
ulta,natural/non-greasy,1
ulta,nature,1
ulta,nay,1
ulta,near-immediate,1
ulta,nee,1
ulta,negatively,1
ulta,negligible,1
ulta,neon,1
ulta,neutralizes,1
ulta,neutralizing,1
ulta,nevative,1
ulta,neverending,1
ulta,newborn,1
ulta,news,1
ulta,niacinamide,1
ulta,nilotica,1
ulta,nip,1
ulta,non-cloying,1
ulta,non-existent,1
ulta,non-irritating,1
ulta,non-mineral,1
ulta,non-oily,1
ulta,non-pore,1
ulta,non-tinted,1
ulta,nonstop,1
ulta,normal-oily,1
ulta,normal/oily,1
ulta,northeast,1
ulta,notable,1
ulta,noticeably,1
ulta,noting,1
ulta,nourishes,1
ulta,nowhere,1
ulta,nozzle,1
ulta,nurturing,1
ulta,oatmeal,1
ulta,oatmilk,1
ulta,ofcs,1
ulta,off/sheet,1
ulta,offensive,1
ulta,officially,1
ulta,oily/dry,1
ulta,oily/shiny,1
ulta,older,1
ulta,ole,1
ulta,olfactory,1
ulta,omit,1
ulta,one‚Ä¶,1
ulta,opt,1
ulta,opted,1
ulta,optimal,1
ulta,oral,1
ulta,orangesicle,1
ulta,orangish,1
ulta,ordeal,1
ulta,origin,1
ulta,ot,1
ulta,outcome,1
ulta,outdoors,1
ulta,outline,1
ulta,output.i,1
ulta,outrageous,1
ulta,outweighs,1
ulta,over-drying,1
ulta,over-stripping,1
ulta,over/under,1
ulta,overcast,1
ulta,overexfoliated,1
ulta,overpower,1
ulta,overproduce,1
ulta,override,1
ulta,overtime,1
ulta,overtop,1
ulta,overwhelmingly,1
ulta,owe,1
ulta,pacifica,1
ulta,packed,1
ulta,pale/light,1
ulta,pale/reddish,1
ulta,paler,1
ulta,palm,1
ulta,pampered,1
ulta,pandemic,1
ulta,paragraph,1
ulta,particle,1
ulta,partner,1
ulta,passionate,1
ulta,pastry,1
ulta,patchiness,1
ulta,patchy,1
ulta,patting,1
ulta,paula,1
ulta,peaceful,1
ulta,peachy,1
ulta,peg,1
ulta,penetrate,1
ulta,penny,1
ulta,perfectected,1
ulta,perform,1
ulta,persistent,1
ulta,personality,1
ulta,perusing,1
ulta,pesky,1
ulta,pete,1
ulta,peterolium,1
ulta,petty,1
ulta,phase,1
ulta,phenomenal,1
ulta,phenoxyethanol,1
ulta,photo,1
ulta,physicans,1
ulta,pigmented,1
ulta,pilaris,1
ulta,pill-y,1
ulta,pill/ball,1
ulta,pillowy,1
ulta,pilly,1
ulta,pinch,1
ulta,pineapple,1
ulta,pink-ish,1
ulta,pink/cool,1
ulta,pink/orange,1
ulta,pink/white,1
ulta,pivot,1
ulta,plague,1
ulta,planning,1
ulta,plant-based,1
ulta,play-doh,1
ulta,plead,1
ulta,pleasant-and,1
ulta,pleasing,1
ulta,pls,1
ulta,plumpness,1
ulta,pocket,1
ulta,polite,1
ulta,polka-dotted,1
ulta,poor,1
ulta,pop,1
ulta,popped,1
ulta,popping,1
ulta,pore-cleaning,1
ulta,poring,1
ulta,post-application,1
ulta,postpartum,1
ulta,potent,1
ulta,potentially,1
ulta,powerhouse,1
ulta,praise,1
ulta,pre-teen,1
ulta,preferred,1
ulta,prefers,1
ulta,pregnancy,1
ulta,pregnant,1
ulta,premium,1
ulta,prepared,1
ulta,prepped,1
ulta,prescribed,1
ulta,present,1
ulta,press,1
ulta,pressed,1
ulta,preventative,1
ulta,prevented,1
ulta,prewash,1
ulta,prime,1
ulta,princess,1
ulta,prioritizing,1
ulta,probe,1
ulta,problematic,1
ulta,proceeds,1
ulta,processed,1
ulta,produce,1
ulta,productive,1
ulta,products/brand,1
ulta,prof,1
ulta,program,1
ulta,prominent,1
ulta,promising,1
ulta,pronounced,1
ulta,property,1
ulta,protective,1
ulta,proved,1
ulta,provided,1
ulta,published,1
ulta,puff,1
ulta,puffy,1
ulta,pull,1
ulta,pulsing,1
ulta,pun,1
ulta,punch,1
ulta,pungent,1
ulta,purely,1
ulta,purged,1
ulta,purify,1
ulta,purito,1
ulta,purple-ish,1
ulta,purple/white,1
ulta,purpose,1
ulta,push,1
ulta,quarantine,1
ulta,quicker,1
ulta,r,1
ulta,raccoon,1
ulta,radiating,1
ulta,ramon,1
ulta,ran,1
ulta,rancher,1
ulta,range,1
ulta,rarity,1
ulta,rash-like,1
ulta,rate,1
ulta,raving,1
ulta,rcvd,1
ulta,rd,1
ulta,re-applying,1
ulta,re-ordering,1
ulta,re-purchase,1
ulta,reacted,1
ulta,reacts,1
ulta,ready,1
ulta,realistic,1
ulta,realizing,1
ulta,reapplications,1
ulta,reapplies,1
ulta,reasonably,1
ulta,rebut,1
ulta,rebuy,1
ulta,rebuying,1
ulta,recced,1
ulta,reccommend,1
ulta,recent,1
ulta,receptor,1
ulta,recieved,1
ulta,recommends,1
ulta,record,1
ulta,recovery,1
ulta,redhead,1
ulta,referred,1
ulta,reflective,1
ulta,reflectiveness,1
ulta,reflects,1
ulta,reformulate,1
ulta,reformulated,1
ulta,reformulating,1
ulta,regarding,1
ulta,regret,1
ulta,related,1
ulta,relatively,1
ulta,relax,1
ulta,relaxation,1
ulta,released,1
ulta,relentlessly,1
ulta,relieved,1
ulta,relieving,1
ulta,remains,1
ulta,remarkable,1
ulta,remind,1
ulta,removing,1
ulta,reordering,1
ulta,repeat,1
ulta,replacing,1
ulta,replenish,1
ulta,report,1
ulta,require,1
ulta,required,1
ulta,researched,1
ulta,resilient,1
ulta,resort,1
ulta,responsive,1
ulta,rested,1
ulta,restored,1
ulta,resurfacing,1
ulta,retains,1
ulta,retin-a,1
ulta,retinal,1
ulta,revived,1
ulta,rhino,1
ulta,rice,1
ulta,ride,1
ulta,rinsed,1
ulta,rise,1
ulta,rival,1
ulta,rly,1
ulta,rn,1
ulta,rochay-pose,1
ulta,rock,1
ulta,rolled,1
ulta,roller,1
ulta,romanticizing,1
ulta,rose-scented,1
ulta,rotate,1
ulta,rountine,1
ulta,routinely,1
ulta,runner,1
ulta,runnier,1
ulta,saids,1
ulta,sake,1
ulta,salt,1
ulta,sand,1
ulta,sand-like,1
ulta,saved,1
ulta,scandal,1
ulta,scary,1
ulta,scent-free,1
ulta,school,1
ulta,science,1
ulta,science-forward,1
ulta,scored,1
ulta,scrape,1
ulta,scratchy,1
ulta,screaming,1
ulta,scrubbing,1
ulta,scrubby,1
ulta,season,1
ulta,second/third,1
ulta,secret,1
ulta,self-care,1
ulta,self-love,1
ulta,self-tanner,1
ulta,selfies,1
ulta,sell,1
ulta,selling,1
ulta,semi,1
ulta,semi-transparent,1
ulta,sensetive,1
ulta,sensitive-combo,1
ulta,sensitive-to-the-touch,1
ulta,sensitive/combo,1
ulta,sensitive/dehydrated,1
ulta,sensitization,1
ulta,separated,1
ulta,separation,1
ulta,sephora,1
ulta,serum/mask,1
ulta,served,1
ulta,session,1
ulta,setting,1
ulta,settled,1
ulta,sfp,1
ulta,shake,1
ulta,shame,1
ulta,sheer/skin,1
ulta,shelf,1
ulta,shield,1
ulta,shift,1
ulta,shiny/greasy,1
ulta,ship,1
ulta,shocked,1
ulta,shone,1
ulta,shop,1
ulta,shout,1
ulta,shrinking,1
ulta,shrunk,1
ulta,si,1
ulta,significant,1
ulta,silica,1
ulta,silicone-based,1
ulta,simpl,1
ulta,simplest,1
ulta,simplified,1
ulta,simultaneously,1
ulta,sincerely,1
ulta,sinking,1
ulta,sister-in-law,1
ulta,six,1
ulta,size/price,1
ulta,skin-no,1
ulta,skin-nothing,1
ulta,skindeep,1
ulta,skintone,1
ulta,sku,1
ulta,slap,1
ulta,slathered,1
ulta,slimey,1
ulta,slowed,1
ulta,slowly,1
ulta,slowy,1
ulta,smart,1
ulta,smell-and,1
ulta,smelly,1
ulta,smile,1
ulta,smoothes,1
ulta,snag,1
ulta,snail,1
ulta,snap,1
ulta,snow,1
ulta,sodium,1
ulta,soften,1
ulta,softest,1
ulta,solar,1
ulta,solely,1
ulta,somewhere,1
ulta,sooooo,1
ulta,sooth,1
ulta,sorcery,1
ulta,sore,1
ulta,sorely,1
ulta,sound,1
ulta,sounded,1
ulta,south,1
ulta,southern,1
ulta,sparingly,1
ulta,sparkly,1
ulta,spatula,1
ulta,specific,1
ulta,speechless,1
ulta,spending,1
ulta,spoiled,1
ulta,spoiler,1
ulta,sports‚Äîand,1
ulta,spot-treatment,1
ulta,spout,1
ulta,spreadable,1
ulta,spring,1
ulta,spring/summer,1
ulta,spurt,1
ulta,square,1
ulta,squeezed,1
ulta,st,1
ulta,stability,1
ulta,stage,1
ulta,stain,1
ulta,standing,1
ulta,stark,1
ulta,startled,1
ulta,state,1
ulta,stated,1
ulta,statistically,1
ulta,steer,1
ulta,stellar,1
ulta,steroid,1
ulta,stickiness,1
ulta,stillüôÑi,1
ulta,stingle,1
ulta,stocked,1
ulta,stole,1
ulta,store,1
ulta,store/pharmacy,1
ulta,story,1
ulta,strange,1
ulta,stranger,1
ulta,strength,1
ulta,stress/hormones/mask-wearing,1
ulta,strict,1
ulta,strike,1
ulta,strong/not,1
ulta,structure,1
ulta,student,1
ulta,studied,1
ulta,stumble,1
ulta,stung,1
ulta,sub,1
ulta,sub-par,1
ulta,subscribe,1
ulta,subside,1
ulta,subsided,1
ulta,subtly,1
ulta,succinic,1
ulta,suck,1
ulta,suffered,1
ulta,suffering,1
ulta,suffers,1
ulta,suffocate,1
ulta,suffocated,1
ulta,sugary,1
ulta,suggestion,1
ulta,sulfate,1
ulta,summarize,1
ulta,summation,1
ulta,summertime,1
ulta,sun-protecting,1
ulta,sunblock+moistureizer,1
ulta,sunburnt,1
ulta,suncare,1
ulta,suncreen,1
ulta,sunday,1
ulta,sunk,1
ulta,sunscreen/lotion,1
ulta,sunscreen/moisturizer,1
ulta,sunscreeny,1
ulta,sunscreen‚Ä¶however,1
ulta,supercharged,1
ulta,superior,1
ulta,supermelt,1
ulta,superrrr,1
ulta,supporting,1
ulta,supremelt,1
ulta,surgery,1
ulta,suuuuuuper,1
ulta,swab,1
ulta,swear,1
ulta,sweet-unexpected,1
ulta,system,1
ulta,ta,1
ulta,tacky-feeling,1
ulta,tahoe,1
ulta,talk,1
ulta,talked,1
ulta,talking,1
ulta,tamed,1
ulta,tan-peach,1
ulta,tan/medium,1
ulta,tan/olive,1
ulta,tandem,1
ulta,tanned,1
ulta,tanner,1
ulta,tanner/darker,1
ulta,tapioca,1
ulta,tarte,1
ulta,task,1
ulta,tbd,1
ulta,team,1
ulta,tearing,1
ulta,teenage,1
ulta,teensy,1
ulta,telling,1
ulta,telltale,1
ulta,temp,1
ulta,temperature,1
ulta,temporary,1
ulta,tent,1
ulta,tested,1
ulta,tewl,1
ulta,texas,1
ulta,texturally,1
ulta,textured,1
ulta,tg,1
ulta,th,1
ulta,thats,1
ulta,thebest,1
ulta,theory,1
ulta,there,1
ulta,thickness,1
ulta,third-party,1
ulta,this~,1
ulta,thorough,1
ulta,threw,1
ulta,thrilled,1
ulta,thrown,1
ulta,thru,1
ulta,thumb,1
ulta,tick,1
ulta,ticked,1
ulta,tighter,1
ulta,tine,1
ulta,tingle/burn,1
ulta,tinsy,1
ulta,tinting,1
ulta,tip,1
ulta,tiredness,1
ulta,tissue,1
ulta,tl,1
ulta,tldr,1
ulta,tm,1
ulta,toast,1
ulta,tolerance,1
ulta,tomato,1
ulta,tone-pinkish,1
ulta,too‚Äîplumps,1
ulta,topicals,1
ulta,tossing,1
ulta,touch/rubbed,1
ulta,touted,1
ulta,towel,1
ulta,trace,1
ulta,trans,1
ulta,transition,1
ulta,travel,1
ulta,treating,1
ulta,tremendously,1
ulta,tretinion,1
ulta,tretinoin,1
ulta,trial,1
ulta,tricky,1
ulta,trier,1
ulta,triggered,1
ulta,triggering,1
ulta,trip,1
ulta,troubled,1
ulta,tub,1
ulta,tuber,1
ulta,tug,1
ulta,turmeric,1
ulta,twenty,1
ulta,twilight,1
ulta,twist,1
ulta,two/three,1
ulta,u-zone,1
ulta,u.s,1
ulta,ugh,1
ulta,ugly,1
ulta,ummmmkaaayyy,1
ulta,unavailable,1
ulta,unbelievable,1
ulta,unclear,1
ulta,unconvinced,1
ulta,under-eye,1
ulta,underground,1
ulta,understanding,1
ulta,undetectable,1
ulta,undoubtedly,1
ulta,unevenness,1
ulta,unexpected,1
ulta,unflattering,1
ulta,unfortunate,1
ulta,unnatural,1
ulta,unrivaled,1
ulta,unscrewed,1
ulta,unseen,1
ulta,unsure,1
ulta,untinted,1
ulta,up.i,1
ulta,update,1
ulta,upper,1
ulta,uproar,1
ulta,upset,1
ulta,upside,1
ulta,upüòò,1
ulta,ur,1
ulta,urself,1
ulta,usable,1
ulta,useful,1
ulta,useless,1
ulta,uvb,1
ulta,vain,1
ulta,vampire,1
ulta,vanilla/marshmallow,1
ulta,vanilla/turmeric,1
ulta,vanilla/white,1
ulta,vanish,1
ulta,varied,1
ulta,varient,1
ulta,various,1
ulta,ventured,1
ulta,venturing,1
ulta,venus,1
ulta,vinegar,1
ulta,viscosity,1
ulta,visually,1
ulta,vita,1
ulta,vol,1
ulta,w/two,1
ulta,w3ll,1
ulta,waaaaay,1
ulta,waking,1
ulta,walker,1
ulta,wall,1
ulta,warm/olive,1
ulta,warmed,1
ulta,warn,1
ulta,warrant,1
ulta,was/is,1
ulta,watch,1
ulta,water/gel,1
ulta,watermelon,1
ulta,watery,1
ulta,wayyy,1
ulta,wayyyy,1
ulta,weak,1
ulta,weaver,1
ulta,weekend,1
ulta,weekly,1
ulta,welcome,1
ulta,well-designed,1
ulta,weng,1
ulta,west,1
ulta,whatnot,1
ulta,whats,1
ulta,whilst,1
ulta,whipped,1
ulta,whisper,1
ulta,white/black,1
ulta,white/pinky,1
ulta,whiteish,1
ulta,whiteness,1
ulta,whiter,1
ulta,white‚Äîi,1
ulta,whoever,1
ulta,whole-heartedly,1
ulta,wide,1
ulta,wider,1
ulta,wild,1
ulta,williams,1
ulta,willing,1
ulta,windy,1
ulta,winked,1
ulta,winter/very,1
ulta,wintertime,1
ulta,wiping,1
ulta,wishing,1
ulta,wldkat,1
ulta,woo,1
ulta,workout,1
ulta,worsen,1
ulta,wrecked,1
ulta,wrist,1
ulta,writing,1
ulta,wrote,1
ulta,xs/week,1
ulta,xxx,1
ulta,ya,1
ulta,yellow/neutral,1
ulta,yellowish-whitish,1
ulta,yield,1
ulta,yknow,1
ulta,younger,1
ulta,youre,1
ulta,youthful,1
ulta,yt,1
ulta,z,1
ulta,zapped,1
ulta,zinc-sunscreen,1
ulta,zoom,1
ulta,¬∞,1
ulta,‚Ä¢a,1
ulta,‚Ä¢before,1
ulta,‚Ä¢no,1
ulta,‚Ä¢rubs,1
ulta,‚Ä¢smells,1
ulta,‚Ä¶‚Ä¶,1
ulta,‚ò∫Ô∏è‚úåÔ∏è,1
ulta,‚ô°‚ô°,1
ulta,‚ô•,1
ulta,‚ô•Ô∏è‚ô•Ô∏è‚ô•Ô∏è,1
ulta,‚ù§Ô∏è,1
ulta,üå∏,1
ulta,üëå,1
ulta,üíÅüèª‚Äç‚ôÄÔ∏è,1
ulta,üíïüíï,1
ulta,üíô,1
ulta,üíö,1
ulta,üòûthe,1
ulta,üò≠,1
ulta,üôåüèº,1
ulta,üôèüèΩ,1
ulta,ü§∑üèª‚Äç‚ôÄÔ∏è,1
