,index,counts
10,cancel,875
15,period,691
16,time,684
17,want,655
20,receive,613
21,would,607
22,disc,604
23,subscription,595
24,know,595
25,information,573
26,way,572
27,pm,564
29,u,540
30,first,526
31,use,523
32,address,507
34,number,472
35,one,456
36,need,456
37,question,442
38,unsubscribe,440
39,day,432
40,cup,430
42,view,412
43,longer,405
44,confirmation,397
45,ca,391
46,hour,390
47,still,381
48,getting,380
49,feel,373
50,account,372
51,try,365
52,let,363
54,keep,355
55,website,355
56,help,347
57,month,344
58,change,328
59,http,328
60,tried,325
61,going,317
62,right,316
63,may,308
64,first_time,305
65,used,302
66,go,301
67,visit,299
68,submitted,297
69,venice,295
70,billing,294
71,trying,293
72,life,292
75,want_receive,284
78,state,281
79,longer_want,280
80,method,280
81,say,279
82,suite,279
83,tampon,276
84,really,275
85,next,275
87,actually,274
89,back,273
90,new,270
91,lincoln,270
92,total,269
93,united,268
94,safe,265
95,billing_address,263
97,ready,261
98,usd,261
99,united_state,259
100,subtotal,259
101,heavy,257
102,away,256
103,total_usd,256
104,thought,255
105,visit_website,254
107,suite_venice,254
109,summary,253
111,flow,252
112,usd_information,250
114,venice_ca,246
115,work,244
117,let_know,236
118,take,234
119,last,233
120,business,232
121,ž,230
122,erika,228
123,send,227
124,purchase,223
126,tucked,220
127,make,219
129,cancel_subscription,217
131,tell,216
132,getting_ready,215
133,mail,215
135,ready_receive,214
136,box,214
137,confirmation_way,214
138,product,212
140,confirmation_keep,210
141,keep_number,210
142,designated,209
143,tucked_away,208
144,away_safe,208
145,number_tucked,208
147,follow,207
148,medium,207
149,coming,207
150,boulevard,206
151,state_billing,206
152,subject,205
153,safe_view,205
154,stop,203
155,lincoln_boulevard,203
157,pack,201
158,ever,199
159,every,199
160,message,196
161,pretty,196
163,click,195
165,sure,192
166,wanted,192
167,boulevard_suite,191
168,could,190
169,name,189
170,team,189
172,guy,188
173,start,188
174,cramp,187
176,idea,186
177,issue,186
178,follow_u,185
179,blood,183
180,contact,182
181,comfortable,182
182,rest,182
183,th,179
184,tracking,179
185,kid,178
187,deal,176
188,another,175
189,yahoo,172
190,order,171
191,show,170
192,customer,170
194,yahoo_mail,169
196,tmi,169
198,menstrual,168
199,date,168
200,changed,167
201,time_trying,166
202,full,166
203,refund,166
204,able,165
206,removal,164
207,whole,160
208,year,160
209,stay,158
210,week,158
213,much,156
214,happened,155
215,sign,155
216,yet,154
217,area,154
219,tracking_number,153
220,mean,153
221,excited,152
222,heard,152
223,always,152
224,bill,152
225,basically,151
226,extremely,151
227,easy,151
229,sex,150
230,standard,149
231,know_question,149
232,people,149
233,business_day,148
234,check,148
235,share,148
236,weird,148
237,heavy_flow,147
238,couple,147
239,single,145
240,ÿ,145
241,still_going,144
242,science,144
243,vagina,144
244,method_standard,143
245,zori,143
246,prepared,142
247,strong,142
248,nye,141
250,bill_nye,141
251,btw,141
253,combined,140
255,reach,139
256,zori_designated,139
257,power,139
258,going_strong,139
259,hormone,139
260,confusing,138
261,guy_still,138
262,cheese,138
263,cried,138
264,area_extremely,137
265,hour_hormone,137
266,combined_idea,137
267,gnarly_cramp,137
268,cried_whole,137
269,idea_deal,137
270,freaked,137
271,month_feel,137
272,life_freaked,137
273,dramatic,137
275,prepared_actually,137
276,extremely_confusing,137
277,betrayed,137
278,power_badass,137
279,dramatic_kid,137
280,basically_rest,137
281,feel_vagina/uterus,137
282,science_guy,137
283,tell_dramatic,137
284,nye_science,137
285,judging,137
286,know_stop,137
287,parmesan,137
288,weird_know,137
289,freaked_tell,137
290,betrayed_power,137
291,confusing_time,137
292,vagina/uterus_betrayed,137
293,whole_hour,137
294,btw_weird,137
295,strong_btw,137
297,parmesan_cheese,137
298,stop_judging,137
299,thought_prepared,137
300,time_basically,137
301,pretty_gnarly,137
302,gnarly,137
303,rest_life,137
304,cramp_month,137
305,vagina/uterus,137
306,badass,137
307,actually_happened,136
308,felt,136
309,happy,136
312,zori.b,135
313,completely,135
315,quickly,134
316,ž_subtotal,134
317,zori_zori.b,134
318,reply,132
320,coming_area,131
321,deal_blood,131
323,update,130
325,cycle,130
328,trial,129
329,fit,129
330,different,129
331,talk,129
332,end,127
333,charged,126
334,st,125
335,chat,125
336,future,125
337,started,125
338,without,123
339,looking,122
340,billed,122
341,available,122
342,link,121
343,heavier,121
344,many,121
345,realized,121
346,hey,119
347,view_tracking,119
348,really_heavy,119
349,leak,118
350,live,117
351,literally,117
352,insertion,117
353,tv,117
354,spot,117
355,service,117
356,whether,116
357,okay,116
358,hope,116
360,e-mail,115
361,conversation,115
362,scared,114
364,tv_show,113
365,money,113
366,pad,112
367,look,112
368,body,112
369,made,112
370,question_disc,111
371,amazon,111
372,foot,111
373,offer,111
375,first_period,111
377,disc_cup,110
378,podcast,110
379,nye_single,110
380,ave,109
381,lighter,109
382,find,109
383,payment,109
384,biggest,108
385,amazing,108
386,go-to,108
387,know_whether,108
388,crush,108
389,tip,107
390,meantime,107
391,entry=gmail_source=g,106
392,right_spot,106
393,go-to_tv,106
394,entry=gmail,106
395,source=g,106
396,first_crush,106
397,one_disc,106
398,ago,106
399,tried_couple,105
400,badass_first,105
401,flow_pretty,105
403,package,105
404,period_thought,105
405,place,105
406,couple_time,105
407,arm,105
408,show_podcast,105
409,ever_bill,105
410,whether_bill,105
411,crush_ever,105
412,easy_scared,104
414,xx,104
416,faq,104
417,lighter_day,104
420,disc_heard,104
421,friend,104
423,empowered,104
424,completely_changed,104
425,menstrual_disc,104
426,shy_self-conscious,103
427,want_say,103
428,casually_talk,103
429,used_shy,103
430,pretty_easy,103
431,quickly_realized,103
432,self-conscious_body/period,103
433,cheese_first,103
434,literally_conversation,103
435,self-conscious,103
436,body/period,103
437,relaxed,103
438,felt_empowered,103
440,anyone,103
442,time_stay,103
444,scared_quickly,103
445,know_go-to,103
446,shy,103
447,heard_want,103
448,cancelled,103
450,single_first,103
451,cup_heavier,103
452,disc_lighter,103
453,conversation_vagina,103
454,mean_used,103
456,spot_use,103
457,casually,103
458,definition_tmi,103
459,heavier_one,103
460,talk_foot,103
461,tmi_mean,103
463,biggest_issue,103
464,changed_definition,103
465,relaxed_tried,103
466,realized_biggest,103
467,definition,103
469,vagina_casually,103
470,stay_right,103
471,body/period_literally,103
473,ask,102
474,worry,102
475,put,101
476,foot_arm,101
478,arm_felt,101
479,delivery,100
480,mon,99
481,confirmation_view,99
482,left,99
483,give,99
484,real,99
485,kid_really,99
486,important,99
487,podcast_sign,99
488,automatically,99
489,sign_know,99
490,found,98
491,maybe,98
492,mar,98
493,tracking_information,98
494,empowered_let,97
495,aloha,97
496,size,97
497,zori_longer,97
499,understand,96
501,cheer,96
502,well,96
503,process,95
504,day_getting,95
505,wear,95
506,pouch,94
507,possible,94
508,jul,94
509,uterati,94
510,anytime,94
511,two,93
512,experience,93
513,might,93
516,item,93
519,complete,92
520,aug,91
521,forward,91
522,tax,91
523,center,91
524,tue,91
525,bathroom,90
526,would_unsubscribe,90
527,sep,90
528,unsubscribe_click,90
529,start_period,89
530,leaking,89
531,opportunity,89
532,fri,89
533,huh,89
534,wrong,88
535,super,88
536,yes,88
537,profile,88
538,come,88
539,pm_erika,87
541,feb,86
542,state_tax,86
544,news,85
545,medium_ž,85
546,remove,84
548,woman,84
549,tax_total,84
550,enough,83
551,charge,83
552,wait,83
554,option,82
555,cancel_account,82
557,bet,81
558,support,81
559,buy,80
560,bet_excited,80
561,friday,80
562,blvd,80
563,thu,80
564,apr,80
565,lauren,80
566,already,79
567,video,79
568,n,79
570,excited_start,78
571,period_huh,78
572,little,78
573,online,78
574,started_period,77
575,helpful,77
576,period_product,76
577,wed,76
578,awesome,76
579,share_anyone,76
580,let_u,76
582,placed,76
583,otp,76
584,future_order,76
585,supply,76
586,amazon_otp,76
587,otp_share,76
588,associated,76
589,jun,75
590,brand,75
591,shoutout_amazing,75
592,nervous,75
593,reusable,75
594,amazing_customer,75
595,uterati_shoutout,75
596,monthly,75
597,shoutout,75
598,pm_zori,74
599,detail,74
600,regard,74
601,info,74
602,deep,74
603,user,74
604,weekend,74
605,card,73
606,outlook,73
607,return,73
608,instead,72
609,people_try,72
611,long,72
612,time_worry,72
613,worry_pg,72
614,call,72
615,u_know,72
616,pg,72
617,wondering,71
618,reason,71
621,le,71
622,hyped,70
624,however,70
625,nice,70
627,meantime_hyped,70
628,real_people,70
629,samsung,70
630,e-mail_address,70
632,hear,70
633,soon,69
635,may_take,69
636,galaxy,68
637,instagram,68
638,add,68
639,trackingnumber,68
640,california,68
641,samsung_galaxy,68
642,click_http,68
644,lincoln_blvd,67
645,view_visit,67
646,period_sex,67
647,point,67
648,per,67
649,period_profile,67
650,smartphone,67
651,care,66
653,website_summary,66
654,f,66
656,three,65
658,page,65
659,forwarded,65
660,associated_account,65
662,longer_billed,65
663,blvd_suite,65
664,working,65
665,address_associated,65
666,position,64
668,forwarded_message,64
671,comfortable_period,64
673,family,64
674,discount,64
676,jan,64
678,nov,64
679,code,64
680,would_longer,64
681,seem,63
682,connect,63
683,current,63
686,full_name,63
687,excluding_weekend,63
688,account_understand,63
689,complete_excluding,63
690,take_hour,63
691,night,63
692,excluding,63
693,open,63
694,would_cancel,63
695,understand_may,63
696,oct,62
697,customer_follow,62
698,helena,62
699,small,62
702,want_chat,62
703,pg_uterati,62
705,rd,62
707,better,62
708,mar_pm,62
709,pause,62
711,en,61
712,menstrual_cup,61
713,light,61
715,due,61
716,active,61
717,insertion_removal,60
718,e,60
719,quarterly,60
720,canceled,60
721,make_sure,60
722,article,59
723,hurt,59
724,summary_medium,59
725,maybe_say,59
727,trackingnumber_tracking,59
728,de,59
729,set,59
730,kit,59
731,loyal,58
732,currently,58
733,handy,58
734,inc,58
737,special,58
738,recently,58
739,contact_u,57
740,noticed,57
741,disk,57
742,dec,57
743,pay,57
744,removal_pouch,56
745,went,56
746,lot,56
747,asap,56
748,notification,56
750,officially,56
751,given,56
752,price,56
753,short,55
754,status,55
755,immediately,55
756,xx_erika,55
757,phone,55
758,line,55
760,cost,55
761,ton,55
762,adjust,55
763,probably,54
764,okay_zori,54
766,normal,54
767,delivered,54
768,wish,54
769,plan,53
770,done,53
772,signed,53
773,sun,53
774,provide,53
775,kind,53
776,office,53
777,save,53
778,big,53
779,cheer_erika,53
781,interested,53
782,error,53
783,copy,52
784,san,52
785,anymore,52
789,number_meantime,51
790,chance,51
791,person,51
792,disc_subtotal,51
793,old,51
794,supposed,51
795,bone,51
797,yiv,51
798,bought,51
799,taking,51
800,dr,51
803,logging,50
804,said,50
807,article_available,49
808,end_lovin,49
809,helpful_article,49
810,lovin_disc,49
811,information_insertion,49
812,sorry,49
813,attached,49
814,past,49
816,feeling,49
817,check_faq,49
820,ton_helpful,49
821,lovin,49
822,handy_link,49
823,wo,49
824,dhl,49
825,customize,49
826,hope_end,49
827,manage,48
828,note,48
829,county,48
830,skip,48
831,profile_used,48
833,second,48
834,problem,48
835,hold,47
837,apt,47
838,seems,47
839,frequency,47
840,color,47
841,every_hour,47
842,reply_yes,47
843,mailto,47
845,looking_information,47
846,may_pm,47
847,though,47
848,insert,47
849,county_tax,47
850,h,47
851,ring,47
852,entire,47
853,question_check,47
854,disc_zori,47
855,every_month,47
856,available_faq,47
858,notice,46
859,display,46
860,deliver,46
861,intended,46
862,matched,46
863,heavy_ž,46
864,sep_pm,46
865,matched_period,46
866,sat,46
867,know_started,46
868,log,46
870,quite,45
871,v,45
872,saw,45
874,july,45
875,reserved,45
877,auto,45
878,p,45
879,april,45
880,notify,45
881,consider,45
882,book,45
883,running,45
884,around,45
887,watch,45
888,text-align,44
889,text-align_center,44
891,aug_pm,44
893,request,44
894,block,44
895,called,44
896,via,44
897,width,44
898,correct,44
900,wait_hear,44
901,ca_entry=gmail,44
902,confidential,43
904,upgrade,43
905,mind,43
907,trick,43
908,response,43
909,width_important,43
910,apr_pm,43
911,answer,43
912,system,43
913,sender,43
914,removal_hope,43
915,meet,43
916,realize,43
917,checking,43
918,worked,43
921,receiving,42
922,text-decoration,42
923,inserting,42
924,iud,42
925,hoping,42
926,pee,42
927,galaxy_smartphone,42
928,either,42
929,purchased,42
930,important_yiv,42
931,yiv_h,42
932,cofounder,42
933,mess,42
935,easier,42
936,margin-right,42
937,making,42
938,inside,42
939,float,42
941,la,42
942,bonjour,42
943,form,41
944,marketing,41
945,frustrating,41
947,yiv_body,41
949,display_block,41
951,inserted,41
952,faq_handy,41
953,jul_pm,41
956,erika_cofounder,41
958,birth,41
959,finger,41
960,insanely,41
961,source=g_billing,41
962,original,40
963,tip_trick,40
964,say_hey,40
965,actually_feel,40
966,dive,40
967,facebook,40
968,credit,40
969,busy,40
970,a+++united+states,40
971,city,40
972,a+++united+states_entry=gmail,40
973,unfortunately,40
974,c,40
975,sad,40
976,another_insanely,40
977,hand,40
978,sale,40
979,pad_tampon,40
980,bit,40
981,believe,40
982,login,40
983,take_care,40
987,changing,39
988,venice_longer,39
989,pull,39
990,source=g_united,39
991,someone,39
992,gender,39
993,sooner,39
994,distribution,39
995,almost,39
998,headed,39
1000,fff,38
1001,pregnant,38
1002,jun_pm,38
1003,moment,38
1004,ensure,38
1005,control,38
1006,color_fff,38
1007,deep_dive,38
1008,refunded,38
1009,else,38
1012,breeze,38
1013,definitely,38
1014,monday,38
1015,dont,38
1016,party,38
1017,subscriber,38
1018,text,38
1021,starter,37
1022,right_reserved,37
1023,sincerely,37
1024,feb_pm,37
1026,mahalo,37
1027,keep_busy,37
1028,gender_dysphoria,37
1031,¸,37
1032,summary_heavy,37
1033,busy_meantime,37
1036,way_curated,37
1037,g,37
1040,dysphoria,37
1042,background-color,37
1043,oh,37
1045,hey_ask,37
1046,curated,37
1047,tuesday,37
1048,margin-left,37
1051,item_headed,37
1052,headed_way,37
1053,sex_gender,37
1054,manage_subscription,37
1056,confirmation_item,37
1057,pack_quarterly,37
1058,meantime_deep,37
1060,recipient,36
1062,eat,36
1063,concern,36
1064,important_margin-right,36
1065,kat,36
1068,go_back,36
1069,billed_future,36
1070,technology,36
1071,blockquote,36
1072,grade,36
1073,resubscribe_anytime,36
1074,guide,36
1075,wheel,36
1076,cancel_future,36
1078,ultimately,36
1079,w,36
1081,yay,36
1082,resubscribe,36
1083,w/o,36
1084,order_ever,36
1085,worried,36
1086,content,35
1087,often,35
1088,original_message,35
1089,trouble,35
1091,target,35
1092,margin,35
1094,button,35
1095,august,35
1096,absolutely,35
1097,different_position,35
1098,mobile,35
1099,sad_go,35
1100,cancelled_billed,35
1102,go_ultimately,35
1103,ultimately_want,35
1104,ever_rekindle,35
1105,home,35
1106,verizon,35
1108,float_important,35
1109,change_subscription,35
1110,rekindle,35
1112,october,35
1113,june,35
1114,etc,35
1115,need_cancel,35
1116,given_opportunity,35
1117,panty,35
1118,writing,35
1119,limited,35
1120,u_reason,35
1121,w/o_removal,35
1122,advise,35
1123,manager,35
1124,clicking,35
1125,thought_would,34
1126,top,34
1127,waiting,34
1128,pubic_bone,34
1129,obsession_life,34
1130,wheel_point,34
1131,previous,34
1132,cheese_given,34
1133,short_amirite,34
1134,matter,34
1135,life_short,34
1136,wearing,34
1138,head,34
1139,amount,34
1140,paypal,34
1141,three_month,34
1142,tried_different,34
1143,pubic,34
1144,finally,34
1145,obsession,34
1146,access,34
1147,might_unhealthy,34
1148,ÿ_ÿ,34
1149,opportunity_probably,34
1150,officially_cancelled,34
1151,entire_wheel,34
1152,probably_eat,34
1154,preference,34
1155,gave,34
1156,intended_recipient,34
1157,u_live,34
1158,canada,34
1159,unhealthy_obsession,34
1160,delay,34
1161,amirite,34
1162,cancel_anytime,34
1164,unhealthy,34
1165,starter_kit,34
1166,favorite,34
1167,yes_n,34
1168,eat_entire,34
1169,jan_pm,33
1170,married,33
1174,site,33
1175,period_next,33
1176,according,33
1177,sarah,33
1178,cervix,33
1179,plus,33
1180,aka.ms/ghei,33
1181,list,33
1182,outlook_aka.ms/ghei,33
1183,begin,33
1184,period_week,33
1186,leg,33
1187,moving,33
1188,im,33
1189,route,33
1190,morning,33
1191,scroll,33
1192,slim,33
1193,leave,33
1195,surprised,32
1196,bag,32
1197,taken,32
1199,middle,32
1200,amanda,32
1201,member,32
1202,verizon_samsung,32
1203,anytime_logging,32
1204,biodegradable,32
1206,vaginal,32
1208,bathroom_every,32
1209,correctly,32
1212,create,32
1213,allow,32
1214,run,32
1215,story,32
1216,drive,32
1217,ž_w/o,32
1218,period_life,31
1219,period_first,31
1220,unsubscribe_http,31
1222,directly,31
1223,putting,31
1224,et,31
1225,care_rest,31
1226,delete,31
1227,display_yiv,31
1228,text-align_left,31
1229,avenue,31
1231,solid,31
1232,saving,31
1233,visited,31
1234,several,31
1235,program,31
1236,n_take,31
1238,world,31
1239,seal,31
1240,inbox,31
1241,pricing,31
1242,updated,31
1243,north,31
1244,texas,31
1245,receipt,31
1246,tub,31
1247,image,31
1248,depending,31
1249,joined,31
1253,heaviest,31
1254,goal,31
1257,sending,30
1258,h_visited,30
1259,margin_yiv,30
1262,h_hover,30
1263,medium_flow,30
1264,clean,30
1267,pack_subscription,30
1268,leaked,30
1269,friend_family,30
1270,adjust_frequency,30
1271,side,30
1272,pour,30
1273,hover,30
1274,bank,30
1275,hover_color,30
1276,block_text-align,30
1280,mine,30
1282,told,30
1283,yiv_visited,30
1284,skip_adjust,30
1285,visited_color,30
1286,happen,30
1287,nd,30
1288,h_active,30
1289,margin-right_important,30
1292,visited_text-decoration,30
1293,hover_text-decoration,30
1294,assistance,30
1296,leakage,30
1297,potter,30
1298,body_margin,30
1299,frequency_cancel,30
1301,yiv_active,30
1304,width_yiv,30
1305,terrible,30
1306,fff_text-decoration,30
1307,block_width,30
1308,active_color,30
1309,block_yiv,30
1311,contain,30
1312,active_text-decoration,30
1313,unlike,30
1314,center_yiv,30
1315,yiv_hover,30
1316,needed,30
1317,fall,30
1319,p.s,30
1320,track,30
1321,november,30
1324,center_width,30
1325,waste,30
1326,text-decoration_yiv,30
1328,je,30
1329,color_yiv,30
1330,push,30
1331,extra,29
1333,health,29
1334,empty,29
1335,nov_pm,29
1336,vous,29
1337,puppy,29
1338,sit,29
1339,ca_wait,29
1340,th_grade,29
1341,transaction,29
1343,along,29
1344,created,29
1345,california_united,29
1346,recent,29
1349,secret,29
1350,medical,29
1351,make_change,29
1352,design,29
1354,tracking_detail,29
1355,included,29
1357,advance,29
1358,courier,29
1360,send_u,29
1361,march,29
1362,strictly,29
1363,slim_fit,29
1364,information_tracking,29
1365,subscription_ž,29
1366,rather,29
1367,oct_pm,29
1368,learn,29
1369,courier_contact,28
1370,look_forward,28
1372,crime,28
1373,black,28
1374,constantly,28
1376,everyone,28
1378,u_instagram,28
1379,id,28
1381,founder,28
1382,loyal_happy,28
1383,lol,28
1384,forgot,28
1385,packaging,28
1386,partner,28
1387,usually,28
1389,following,28
1390,trust,28
1392,joined_u,28
1393,alone,28
1394,detail_status,28
1395,jennifer,28
1396,one_leg,28
1397,appreciate,28
1399,feature,28
1400,half,28
1401,string,28
1402,need_help,28
1403,could_actually,28
1404,personally,28
1405,live_chat,28
1406,smooth,28
1407,powered,28
1409,type,28
1410,happy_joined,28
1411,especially,28
1412,line_harry,27
1413,harry,27
1414,nice_meet,27
1415,scroll_follow,27
1416,want_happy,27
1417,apparently,27
1418,worked_one,27
1419,badass_bill,27
1420,week_breeze,27
1422,one_worked,27
1425,kid_pretty,27
1426,true,27
1427,pleasantly_surprised,27
1429,ceo,27
1430,right_super,27
1431,fee,27
1432,number_follow,27
1433,kat.p,27
1434,communication,27
1436,know_line,27
1437,first_soccer,27
1438,kat_designated,27
1439,coming_start,27
1440,happy-crying,27
1441,disneyland,27
1442,tried_could,27
1445,respond,27
1446,puppy_kid,27
1447,could_insertion,27
1448,super_frustrating,27
1449,road,27
1450,adopted,27
1451,cause,27
1452,potter_chamber,27
1453,happy-crying_video,27
1454,found_one,27
1455,kid_getting,27
1456,sailing_period,27
1457,kat_kat.p,27
1458,video_puppy,27
1459,amirite_thought,27
1460,rest_xx,27
1461,frustrating_tried,27
1462,dec_pm,27
1463,surprised_tried,27
1464,mess-free,27
1466,soccer,27
1467,cycle_tell,27
1468,tub_smooth,27
1469,position_found,27
1470,movie,27
1471,getting_adopted,27
1472,gmt,27
1474,insertion_right,27
1476,leg_tub,27
1478,pleasantly,27
1479,start_eating,27
1480,depending_cycle,27
1481,instruction,27
1482,additional,27
1483,smooth_sailing,27
1485,stunned,27
1486,back_tampon,27
1488,chamber,27
1489,harry_potter,27
1490,chamber_secret,27
1491,saying,27
1492,flow_depending,27
1494,ok,27
1495,came,27
1496,recurring,27
1497,save_next,27
1500,stuck,27
1501,multiple,27
1502,quarterly_subscription,27
1503,feedback,27
1505,required,27
1507,catch,27
1509,v=sjlkqheorcg,27
1510,stunned_pleasantly,27
1511,move,27
1512,sailing,27
1513,eating,27
1515,lost,26
1516,one_time,26
1518,regarding,26
1519,helena_helena.d,26
1520,movement,26
1523,ffa,26
1524,privileged,26
1525,flow_cycle,26
1526,il,26
1529,background-color_important,26
1530,expect,26
1531,paid,26
1532,div.yahoo_quoted_margin-left,26
1533,div.yahoo_quoted,26
1534,advice,26
1535,plastic,26
1537,large,26
1538,painful,26
1539,blockquote_div.yahoo_quoted,26
1541,solid_important,26
1542,ffa_solid,26
1543,pa,26
1548,important_background-color,26
1549,anytime_upgrade,26
1550,shot,26
1551,smaller,26
1552,margin-left_important,26
1553,action,26
1554,remember,26
1555,exactly,26
1557,quantity,26
1558,jessica,26
1559,may_contain,26
1561,helena.d,26
1562,clockwork,26
1563,picture,26
1564,birthday,26
1565,…,26
1566,chocolate_happy-crying,25
1567,use_new,25
1568,automatic,25
1569,need_disc,25
1570,want_make,25
1571,wanted_reach,25
1572,alley,25
1573,always_need,25
1574,character,25
1575,reason_send,25
1576,last_dapper,25
1577,un,25
1578,bad,25
1579,mission,25
1580,helena_designated,25
1582,february,25
1583,case,25
1584,eating_chocolate,25
1585,th_birthday,25
1586,least,25
1587,need_bathroom,25
1588,used_wear,25
1589,dapper,25
1591,dapper_day,25
1592,birthday_bowling,25
1593,term,25
1595,bathroom_kat,25
1596,bowling,25
1597,electric,25
1598,grade_know,25
1599,tmi_always,25
1600,removing,25
1601,kat_longer,25
1602,day_disneyland,25
1604,chocolate,25
1605,predictable,25
1606,deep_breath,25
1607,left_important,25
1608,worse,25
1609,would_hurt,25
1610,merissa,25
1612,podcasts,25
1613,confused,25
1615,platform,25
1616,bowling_alley,25
1617,quick,25
1618,gone,25
1619,na,25
1620,dear,25
1621,device,25
1622,breath,25
1623,alley_party,25
1624,million,25
1625,join,25
1626,u_cheer,25
1627,street,25
1628,b,25
1629,wear_tampon,25
1630,difference,25
1631,period_th,25
1632,money_back,25
1633,arrived,25
1634,forget,25
1635,electric_ave,24
1636,fixed,24
1637,missing,24
1638,helping,24
1639,maria,24
1640,sunday,24
1642,c2a_medium,24
1643,wine,24
1644,interest,24
1645,c2a_yiv,24
1646,wrapper,24
1647,filter,24
1648,include,24
1649,later,24
1650,figure,24
1651,special_tax,24
1652,opened,24
1653,c2a,24
1654,detail_http,24
1655,clear,24
1656,worried_would,24
1657,full_fit,24
1658,ave_venice,24
1659,nervous_trying,24
1660,data,24
1661,mess-free_period,24
1662,hour_change,24
1664,messy,24
1666,magazine,24
1667,ending,24
1668,touch,24
1669,lte,24
1670,clockwork_running,24
1671,floor,24
1672,meet_kat,24
1673,heavy-to-medium_flow,24
1674,period_panty,24
1675,hurt_stunned,24
1676,wanted_let,24
1677,take_deep,24
1678,tampon_clockwork,24
1679,protection,24
1680,e-meet,24
1681,disposable,24
1682,benefit,24
1683,nice_e-meet,24
1684,color_c2a,24
1685,heavy-to-medium,24
1686,sweet,24
1687,running_bathroom,24
1688,secret_movie,24
1689,logging_manage,24
1690,mom,24
1691,next_week,24
1692,cycle_predictable,24
1693,based,24
1694,change_terrible,24
1696,cher,24
1697,adopted_first,24
1698,worn,24
1701,pain,23
1703,removed,23
1706,unable,23
1707,toilet,23
1708,f__pw_iic,23
1709,io,23
1711,mateo,23
1712,ca_state,23
1713,accidentally,23
1714,sound,23
1715,f_f__pw_iic,23
1717,pause_subscription,23
1718,looking_forward,23
1720,appreciated,23
1721,filtering,23
1722,los,23
1725,sure_make,23
1726,average,23
1727,event,23
1728,september,23
1730,san_mateo,23
1731,upgrade_save,23
1732,director,23
1733,including,23
1734,unlike_life,23
1735,invoice,23
1736,buying,23
1738,looked,23
1739,softdisc,23
1740,predictable_unlike,23
1741,birth_control,23
1742,pushed,23
1743,january,23
1744,g_lte,23
1745,giving,22
1746,get,22
1748,client,22
1750,anyway,22
1751,bitbounce,22
1752,stephanie,22
1753,copyright,22
1755,york,22
1756,credo,22
1759,en_route,22
1761,turing,22
1763,l,22
1764,tx,22
1768,throw,22
1769,turing_technology,22
1770,california_sign,22
1771,filtering_service,22
1773,true_crime,22
1774,transacted,22
1775,ended,22
1777,box_try,22
1778,wednesday,22
1779,movie_last,22
1780,powered_credo,22
1782,liner,22
1783,ref=bitbounce,22
1784,worth,22
1785,summary_starter,22
1788,service_called,22
1789,technology_inc,22
1790,honestly,22
1791,credoex,22
1793,moved,22
1799,envoy‚,22
1800,account_page,22
1801,sitting,22
1802,change_change,22
1803,different_size,22
1804,social,22
1805,upgrading,22
1806,update_information,22
1807,aka.ms/o0ukef,22
1809,latex,22
1810,pick,22
1811,environment,22
1812,limited_time,22
1813,able_cancel,22
1815,outside,22
1816,inc_san,22
1817,copying,22
1818,cart,22
1820,called_bitbounce,22
1821,sign_bitbounce,22
1824,transacted_credoex,22
1825,ref=bitbounce_powered,22
1826,age,22
1829,text_u,22
1830,bitbounce_filter,22
1831,ct,22
1832,votre,22
1833,button_pay,22
1835,notified,22
1836,cryptocurrency,22
1837,mateo_california,22
1840,terrible_nervous,22
1841,breeze_want,22
1842,ne,22
1843,disneyland_matched,22
1844,saturday,22
1845,hate,22
1847,made_turing,22
1849,thursday,22
1850,industry,22
1851,click_button,22
1852,pay_small,22
1854,number_detail,21
1855,new_york,21
1856,courier_dhl,21
1857,processed,21
1859,merci,21
1860,attachment,21
1862,cramping,21
1865,enjoy,21
1867,every_time,21
1869,personal,21
1870,excited_try,21
1871,outlook_io,21
1872,ad,21
1874,fsa,21
1875,others,21
1876,ashley,21
1877,know_alone,21
1878,regular,21
1880,asked,21
1881,fully,21
1882,io_aka.ms/o0ukef,21
1883,late,21
1885,handle,21
1886,chat_u,21
1887,uterus,21
1888,credit_card,21
1889,market,21
1890,bonjour_je,21
1891,pas,21
1894,u_note,21
1896,password,21
1897,est,21
1898,proud,21
1899,texas_united,21
1902,includes,21
1904,disposal,21
1905,material,21
1907,arrive,21
1910,professional,21
1911,learning,21
1912,every_three,21
1913,statement,21
1914,call_u,21
1915,paused,21
1917,afford,21
1918,want_cancel,21
1920,pup,20
1921,east,20
1922,must,20
1923,everywhere,20
1924,selling,20
1925,life_first,20
1926,minute,20
1927,individual,20
1928,west,20
1929,julia,20
1930,cant,20
1932,promise,20
1933,tampon_period,20
1934,dissemination,20
1935,huge,20
1936,step,20
1937,friday_night,20
1939,u_courier,20
1940,appropriate,20
1941,used_use,20
1942,panty_cup,20
1944,sleep,20
1945,angeles,20
1946,glass,20
1947,megan,20
1950,pm_subject,20
1952,schedule,20
1954,smartphone_original,20
1955,providing,20
1956,seller,20
1957,screen,20
1959,table,20
1961,planet,20
1962,softcup,20
1963,difficult,20
1964,new_address,20
1966,super_tampon,20
1967,asking,20
1969,together,20
1970,seen,20
1971,lady,20
1973,apply,20
1974,confirm,20
1976,que,20
1979,use_code,20
1981,disc_work,20
1982,sample,20
1983,pm_kat,20
1984,cancelled_subscription,20
1985,december,20
1986,organization,20
1987,virgin,20
1988,soft,20
1989,mi,20
1992,fact,20
1993,took,20
1994,exchange,20
1996,group,19
1997,incorrect,19
1998,sender_immediately,19
1999,au,19
2000,family_guy,19
2001,reduce,19
2002,find_glass,19
2003,easier_thought,19
2004,v=sjlkqheorcg_scroll,19
2005,glass_wine,19
2006,intimidating,19
2007,impression,19
2009,charged_monthly,19
2010,simply,19
2012,fave_show,19
2013,really_nervous,19
2014,offering,19
2015,show_watch,19
2016,addicted,19
2017,park,19
2018,tried_pad,19
2019,yesterday,19
2020,although,19
2021,profile_started,19
2022,sweet_pup,19
2023,patience,19
2024,provided,19
2025,subscription_first,19
2026,fix,19
2027,xx_helena,19
2028,decided,19
2029,night_find,19
2030,kindly,19
2031,guess,19
2032,holler,19
2033,snuggling_sweet,19
2034,solution,19
2035,filtered,19
2036,cut,19
2037,beginning,19
2038,new_one,19
2039,consider_guide,19
2040,alternative,19
2041,alone_use,19
2043,willie,19
2045,disappointed,19
2046,successfully,19
2048,cancel_refund,19
2049,loved,19
2050,party_tried,19
2051,south,19
2052,cup_done,19
2054,intimidating_first,19
2055,first_wanted,19
2056,done_medium,19
2057,try_let,19
2060,pup_willie,19
2061,ÿi,19
2062,payment_information,19
2063,co,19
2064,guide_trial,19
2065,post,19
2066,cordialement,19
2067,notify_sender,19
2068,fave,19
2069,fill,19
2070,annual,19
2071,snuggling,19
2072,los_angeles,19
2073,release,18
2075,key,18
2077,wan,18
2078,holler_u,18
2079,week_ago,18
2081,exclusively,18
2082,vision,18
2083,assist,18
2085,guy_addicted,18
2086,wine_binging,18
2088,learned,18
2089,yay_want,18
2090,wan_na,18
2091,cher_julia,18
2092,lois,18
2093,light_ž,18
2094,little_friend,18
2095,binging_one,18
2096,canal,18
2097,trial_process,18
2098,file,18
2100,setting,18
2101,body-positive,18
2102,ipad,18
2103,pt,18
2104,show_snuggling,18
2105,lois_family,18
2106,question_holler,18
2108,way_easier,18
2109,town,18
2110,community,18
2113,nc,18
2114,afternoon,18
2116,tampon_pad,18
2117,process_little,18
2118,management,18
2119,reading,18
2120,daunting,18
2121,daunting_little,18
2122,live_character,18
2123,store,18
2124,breath_way,18
2125,amber,18
2126,rim,18
2127,requesting,18
2129,skeptical,18
2130,addicted_true,18
2132,jane,18
2133,unless,18
2134,impression_cher,18
2136,watch_friday,18
2137,dispute,18
2138,willie_period,18
2139,primary,18
2140,binging,18
2141,charged_quarterly,18
2143,plenty,18
2145,month_per,18
2146,way_cancel,18
2148,reader,18
2149,soon_possible,18
2150,one_fave,18
2151,public,18
2154,continue,18
2155,fund,18
2157,city_tax,18
2158,character_impression,18
2159,little_intimidating,18
2160,upgrading_pack,18
2161,book_podcasts,18
2163,family_live,18
2166,seem_daunting,18
2167,experiencing,18
2168,upgrade_help,18
2169,podcasts_show,18
2170,want_upgrade,18
2171,research,18
2172,help_save,18
2173,suggestion,18
2175,give_another,17
2176,letting,17
2177,properly,17
2178,twice,17
2179,amazon.ca,17
2180,improve,17
2182,continued,17
2183,founder_ceo,17
2184,update_payment,17
2185,pee_remove,17
2187,house,17
2188,twitter,17
2190,latest,17
2191,removal_another,17
2192,needing,17
2194,change_address,17
2195,katie,17
2196,seeing,17
2197,direct,17
2199,man,17
2200,angela,17
2201,apology,17
2203,tmi_xx,17
2205,husband,17
2207,local,17
2208,month_ago,17
2209,florida,17
2210,disaster,17
2211,and/or,17
2212,met,17
2213,building,17
2214,luck,17
2215,experienced,17
2216,refund_money,17
2217,able_use,17
2219,wash,17
2220,comment,17
2221,across,17
2222,comfort,17
2227,guarantee,17
2228,use_menstrual,17
2229,instead_pack,17
2230,attempted,17
2231,university,17
2232,initial,17
2233,anatomy,17
2234,a.m,17
2235,success,17
2236,curious,17
2238,fyi,17
2239,school,17
2240,fun,17
2241,faq_reach,17
2242,exciting,17
2243,usa,17
2244,warning,17
2245,claim,16
2246,department,16
2247,eye,16
2248,disaster_lesson,16
2249,td,16
2250,shopping,16
2251,version,16
2252,previously,16
2253,straight,16
2254,commercial,16
2255,helena_longer,16
2256,avoid,16
2257,feeling_nervous,16
2258,education,16
2259,watched,16
2260,heather,16
2262,si,16
2263,lesson_learned,16
2266,pelvic,16
2269,except,16
2270,comical,16
2271,designed,16
2272,handed,16
2273,vibe,16
2275,earlier,16
2277,year_old,16
2278,hawaii,16
2280,game,16
2281,remove_say,16
2283,club,16
2284,leaving,16
2285,rachel,16
2286,life_changing,16
2287,happens,16
2288,placement,16
2289,fly,16
2290,link_looking,16
2291,first_removal,16
2292,bring,16
2293,reach_question,16
2294,gift,16
2296,reference,16
2297,se,16
2298,kind_regard,16
2299,ln,16
2300,allowing,16
2301,baby,16
2302,answer_question,16
2303,sur,16
2304,disclosure,16
2305,know_help,16
2306,google,16
2307,life-changing,16
2308,signed_try,16
2309,lesson,16
2310,perfect,16
2311,without_mess,16
2313,live_cheer,16
2314,pas_saving,16
2315,possibly,16
2317,discus,16
2318,forward_hearing,16
2319,learned_pee,16
2320,th_st,16
2321,hang,16
2322,first_box,16
2323,hearing,16
2324,population,16
2325,another_story,16
2326,begin_forwarded,16
2327,totally,16
2329,comical_disaster,16
2332,talking,16
2334,subscription_payment,16
2335,next_year,16
2336,nous,16
2337,valid,16
2338,product_everyone,16
2339,fluid,15
2340,pisces,15
2341,exclusive,15
2342,payable,15
2343,france,15
2344,ž_discount,15
2345,go_tv,15
2346,erika_p.s,15
2347,moving_forward,15
2349,level,15
2350,network,15
2351,promise_wo,15
2352,disc_instead,15
2353,dollar,15
2354,value,15
2355,announce,15
2356,startup,15
2357,length,15
2358,eligible,15
2359,message_intended,15
2360,stopped,15
2363,scale,15
2364,potential,15
2366,switched,15
2367,nervous_take,15
2368,say_want,15
2369,digital,15
2370,country,15
2371,empty_handed,15
2372,intended_use,15
2373,stomach,15
2374,try_yet,15
2375,international,15
2376,natural,15
2377,wa,15
2378,testing,15
2379,returned,15
2380,enjoying,15
2381,last_year,15
2382,getting_used,15
2384,freedom,15
2385,coupon,15
2387,retailer,15
2388,base,15
2389,development,15
2391,log_account,15
2392,crazy,15
2393,tonight,15
2394,gotten,15
2395,pm_helena,15
2396,wanted_share,15
2397,need_anymore,15
2398,practice,15
2399,profile_yet,15
2400,try_first,15
2401,send_asap,15
2403,yet_click,15
2404,need_need,15
2407,three_supply,15
2409,attention,15
2410,via_samsung,15
2411,avid,15
2412,changed_life,15
2413,p.m,15
2414,funding,15
2415,discount_subtotal,15
2416,still_question,15
2418,disc_sooner,15
2419,starting,15
2422,purpose,15
2424,way_customize,15
2426,hsa,15
2427,expires,15
2428,started_way,15
2429,eco,15
2430,cancel_still,15
2431,yet_wanted,15
2432,checkout,15
2433,prior,15
2436,th_ave,15
2437,created_profile,15
2439,break,15
2440,confidentiality,15
2441,similar,15
2442,une,15
2443,hook,15
2444,payment_go,15
2446,p.m_pt,15
2447,number_disc,15
2448,woke,14
2450,aware,14
2452,disc_first,14
2453,update_card,14
2454,consideration,14
2455,front,14
2456,fan,14
2457,throw_away,14
2458,major,14
2459,lte_device,14
2460,tax_ca,14
2461,source=g_suite,14
2462,nervous_check,14
2463,corporate,14
2464,brittany,14
2466,unique,14
2467,restroom,14
2468,t-mobile,14
2469,exactly_need,14
2471,two_month,14
2472,t-mobile_g,14
2473,general,14
2474,wanting,14
2475,diva,14
2476,diva_cup,14
2477,last_night,14
2478,a.m_p.m,14
2479,logo,14
2480,hurry,14
2481,cash,14
2482,sell,14
2484,allowed,14
2486,safe_use,14
2487,vaginal_canal,14
2488,pack_process,14
2489,texter,14
2493,pennsylvania,14
2494,customize_experience,14
2495,last_week,14
2496,melissa,14
2498,thomas,14
2499,experience_want,14
2500,question_let,14
2502,uk,14
2506,easily,14
2507,special_offer,14
2508,sits,14
2509,news_product,14
2513,pm_merissa,14
2514,keep_eye,14
2515,would_first,14
2517,another_box,14
2518,u_change,14
2520,zero,14
2521,wrong_address,14
2522,account_payable,14
2523,time_subscription,14
2525,addition,14
2526,delivery_option,14
2528,old_address,14
2530,subscription_charged,14
2531,college,14
2532,fax,14
2533,exact,14
2535,hour_cramp,14
2537,first_month,14
2538,tilted,14
2541,increase,14
2542,pdt,14
2543,k,14
2544,five,14
2545,monthly_subscription,14
2546,catch_u,14
2547,couple_month,14
2548,summary_pack,14
2549,fri_mar,14
2550,write,14
2551,feeling_vibe,14
2553,runner,14
2556,product_hsa,14
2557,bleeding,14
2558,invite,14
2559,pt_monday,14
2560,tampon_hour,14
2561,help_center,14
2562,larger,14
2566,po,14
2568,period_people,14
2569,people_planet,14
2570,enter,14
2571,go_bathroom,14
2572,daily,14
2573,expand,14
2574,use_tampon,14
2575,v_medium,14
2576,space,14
2577,otherwise,14
2578,po_box,14
2580,allows,14
2581,tss,14
2582,winner,14
2583,az,14
2584,unit,14
2585,applied,14
2586,silicone,14
2587,llc,14
2588,monday_friday,14
2590,question_concern,13
2591,related,13
2592,certain,13
2593,cover,13
2594,meant,13
2595,solely,13
2596,apologize,13
2598,edt,13
2599,nw,13
2600,fast,13
2601,normally,13
2602,expensive,13
2605,growing,13
2606,mistake,13
2608,copyright_¸,13
2609,friendly,13
2610,prevent,13
2611,tool,13
2612,reflected,13
2613,opt,13
2615,kept,13
2616,asuite_avenice,13
2617,body-positive_magazine,13
2618,dead,13
2619,pop,13
2620,available_purchase,13
2621,willing,13
2623,fixx,13
2624,next_period,13
2625,hsa_fsa,13
2626,sep_erika,13
2627,fine,13
2629,time_use,13
2631,enough_disc,13
2632,fsa_eligible,13
2633,help_unsubscribe,13
2634,seattle,13
2636,give_try,13
2638,medium_screen,13
2639,really_want,13
2640,line-height,13
2641,meeting,13
2642,sara,13
2643,convenience,13
2644,dans,13
2646,eye_going,13
2647,sweeten_deal,13
2648,li,13
2650,girl,13
2651,supplier,13
2652,stated,13
2654,texter_reach,13
2655,florida_united,13
2656,magazine_fixx,13
2657,sweeten,13
2658,privacy,13
2659,avenice,13
2660,going_view,13
2661,hr,13
2662,tampon_user,13
2663,wanted_try,13
2664,gave_lots-o-extra,13
2666,lots-o-extra,13
2667,another_try,13
2668,reminder,13
2669,paypal_account,13
2670,cv,13
2671,ended_painful,13
2672,cost_mean,13
2673,avid_runner,13
2674,forward_send,13
2675,opportunity_improve,13
2676,use_intended,13
2677,canceled_subscription,13
2678,distribution_center,13
2679,anytime_reply,13
2680,pay_fee,13
2681,look_subscription,13
2682,hurt_actually,13
2683,global,13
2684,jiffy,13
2687,fill_super,13
2688,small_town,13
2689,cup_gave,13
2690,route_dhl,13
2691,shared,13
2692,grew_super,13
2693,according_tracking,13
2695,emily,13
2696,lots-o-extra_time,13
2698,leak_happen,13
2699,trying_new,13
2700,handle_champ,13
2701,share_special,13
2702,receivable,13
2703,reoccurring,13
2704,super_small,13
2705,requested,13
2706,asuite,13
2707,mean_pas,13
2708,account_receivable,13
2709,proud_bathroom,13
2710,without_hurt,13
2711,cramp_felt,13
2712,felt_mosh,13
2713,discovery,13
2714,time_ended,13
2715,one-month_supply,13
2717,imagine,13
2718,avenice_ca,13
2719,customer_limited,13
2720,might_add,13
2721,question_need,13
2722,virgo,13
2723,source=g_venice,13
2725,champ_might,13
2726,confused_mom,13
2727,cool,13
2728,flow_fill,13
2729,nicole,13
2730,wipe,13
2731,pit_stomach,13
2732,outside_movement,13
2733,ending_getting,13
2734,saving_along,13
2735,description,13
2736,pm_gmt,13
2738,bc,13
2739,town_population,13
2740,offer_loyal,13
2741,leak-free,13
2742,declined,13
2743,covid,13
2744,date_gmt,13
2746,feel_really,13
2747,body-safe,13
2748,pit,13
2749,activity,13
2750,mom_dad,13
2751,champ,13
2752,dad_handle,13
2753,early,13
2754,mosh_pit,13
2755,back_without,13
2756,needy,13
2757,subscription_upgrade,13
2758,grew,13
2759,work_moving,13
2761,gave_life,13
2762,loop,13
2763,glad,13
2765,send_supply,13
2766,shape,13
2767,instead_one-month,13
2768,delivery_status,13
2769,dad,13
2770,ny,13
2771,disc_number,13
2773,uh,13
2774,supply_disc,13
2775,scheduled,13
2776,summary_light,13
2778,one-month,13
2779,subscription_officially,13
2780,add_avid,13
2785,date_pm,13
2786,included_skip,13
2787,policy,13
2789,arrives,13
2790,heavy_day,13
2791,population_family,13
2792,runner_outside,13
2793,center_courier,13
2794,new_period,13
2795,life_back,13
2796,often_new,13
2798,time_fly,13
2799,mosh,13
2800,along_always,13
2801,painful_needy,13
2802,disappoint,12
2803,day_ago,12
2804,comfortable_leak-free,12
2806,stand,12
2807,sticking,12
2808,put_hold,12
2809,ce,12
2810,throwing,12
2811,full_refund,12
2812,war-zone_chonies,12
2813,status_en,12
2814,affiliate,12
2815,wo_disappoint,12
2816,oct_erika,12
2817,unopened,12
2818,lifelong_tampon,12
2819,check_customer,12
2820,opening,12
2821,entered,12
2823,subject_tip,12
2824,model,12
2825,entrepreneur,12
2826,rebecca,12
2827,lifelong,12
2829,may_concern,12
2830,period_waterpark,12
2832,bathroom_confidant,12
2833,ga,12
2834,towards,12
2835,padding-right_important,12
2836,wed_feb,12
2837,would_refund,12
2838,refill,12
2839,disc_wrapper,12
2840,lauren_schulte,12
2842,want_try,12
2843,keeping,12
2844,happen_getting,12
2845,comin,12
2846,creating,12
2847,comin_atcha,12
2850,cc,12
2851,notre,12
2852,waterpark,12
2853,transmitted,12
2854,apply_discount,12
2855,min,12
2857,ar,12
2858,next_work,12
2859,popular,12
2860,yay_sure,12
2861,period_time,12
2862,incredible,12
2864,honestly_changed,12
2866,schulte,12
2867,need_u,12
2868,grace,12
2870,next_box,12
2871,want_offer,12
2872,u.s,12
2873,margin-left_auto,12
2874,canceling,12
2875,tx_state,12
2876,summer,12
2877,asin,12
2878,entity,12
2879,johnson,12
2880,merissa_merissa.a,12
2881,auto_important,12
2882,lisa,12
2883,looked_war-zone,12
2884,two_day,12
2885,alright,12
2887,team_writing,12
2888,would_know,12
2889,reader_message,12
2890,trash,12
2891,waterpark_confused,12
2892,social_medium,12
2893,haha,12
2894,confidant,12
2895,yes_leak,12
2896,copy_body-positive,12
2897,margin-right_auto,12
2898,handed_worse,12
2899,struggle,12
2900,login_customize,12
2901,disappoint_ca,12
2902,attempted_charge,12
2903,project,12
2904,linkedin,12
2905,skeptical_lauren,12
2906,center_important,12
2908,scorpio,12
2909,oh_card,12
2911,offer_subscription,12
2912,disc_often,12
2913,padding-left_important,12
2914,boyfriend,12
2915,pretty_skeptical,12
2916,card_declined,12
2917,met_pay,12
2919,war-zone,12
2920,security,12
2921,padding-right,12
2922,lauren_gave,12
2925,buy_softcup,12
2926,forget_period,12
2927,new_feature,12
2928,past_year,12
2929,worse_go,12
2930,pricing_login,12
2931,window,12
2932,laura,12
2933,customize_many,12
2936,du,12
2937,custom,12
2938,merci_de,12
2939,exchanged,12
2940,chonies,12
2941,atcha,12
2942,kim,12
2943,supposed_feel,12
2944,feature_customize,12
2945,new_message,12
2947,user_honestly,12
2948,padding-left,12
2949,express,12
2950,kelly,12
2952,subscription_helena,12
2953,leave_empty,12
2954,declined_attempted,12
2956,reusable_disc,12
2957,risk,12
2958,shower,12
2959,many_disc,12
2960,smith,12
2961,saw_left,12
2963,heaviest_found,12
2964,information_intended,12
2965,tue_sep,12
2968,continued_support,12
2969,want_leave,12
2971,period_cramp,12
2972,addressee,12
2973,jiffy_question,12
2974,trip,12
2975,cryptocurrency_business,12
2976,simple,12
2977,freight,12
2978,illinois,12
2980,par,12
2981,found_looked,12
2982,upon,12
2983,purchasing,12
2985,writing_look,12
2986,buyer,12
2987,expressed,12
2988,reflected_account,12
2992,consumer,12
2993,bitbounce_credo,12
2994,merissa.a,12
2995,display_important,12
2996,edge,12
2997,thousand,12
2998,uh_oh,12
2999,fri_aug,12
3000,gave_first,12
3001,message_error,12
3002,sheet,12
3003,submit,12
3004,subscribed,12
3006,shop,12
3007,shortly,12
3009,chonies_yes,12
3010,ref=bitbounce_bitbounce,12
3011,slight,12
3012,softdisc_menstrual,12
3014,shopify,12
3015,fold,12
3016,credo_transacted,12
3019,know_add,12
3021,ref=bitbounce_made,12
3022,new_pricing,12
3023,action_required,12
3024,committed,12
3027,business_delivery,12
3028,leak-free_period,12
3030,important_width,12
3031,cryptocurrency_fee,12
3032,month_ž,12
3034,annually,12
3035,small_cryptocurrency,12
3036,sold,12
3037,grow,12
3038,family_first,12
3039,kit_medium,12
3040,subscribe,11
3041,ah,11
3044,important_line-height,11
3045,pause_next,11
3046,would_change,11
3047,placing,11
3049,confidant_merissa,11
3050,law,11
3051,td_yiv,11
3055,address_change,11
3056,unauthorized,11
3058,various,11
3059,fulfill_mission,11
3060,disc_per,11
3061,working_fulfill,11
3063,constantly_working,11
3066,url=https,11
3068,everyone_constantly,11
3071,pin,11
3072,hereby,11
3073,u_question,11
3074,deliver_life,11
3075,inquiry,11
3077,fulfill,11
3078,changing_period,11
3079,keep_getting,11
3080,capricorn,11
3081,truly,11
3082,year_ago,11
3084,e-meet_saw,11
3085,order_cheer,11
3086,grab,11
3087,rate,11
3088,url=https_f,11
3089,ongoing,11
3091,cancel_need,11
3092,commitment,11
3093,part,11
3094,would_interested,11
3095,feminine,11
3096,j,11
3097,minnesota,11
3098,listed,11
3099,forever,11
3101,necessary,11
3102,cooperation,11
3104,sort,11
3105,mon_jul,11
3106,know_going,11
3107,life_created,11
3108,wonderful,11
3109,york_united,11
3110,really_need,11
3112,subject_line,11
3113,use_iud,11
3115,introduce,11
3117,use_disc,11
3118,question_would,11
3119,heavy_period,11
3121,living,11
3122,question_pretty,11
3124,li_yiv,11
3125,yiv_blockquote,11
3126,financial,11
3128,padding,11
3130,display_inline-block,11
3131,x,11
3132,p_yiv,11
3133,executive,11
3134,display_table-row,11
3135,message_attachment,11
3138,longer_need,11
3140,vertical-align,11
3142,heart,11
3146,life_promise,11
3147,therefore,11
3148,delivering,11
3149,message_erika,11
3150,pouch_pouch,11
3152,blockquote_yiv,11
3153,limit,11
3155,hour_wear,11
3156,distribution_copying,11
3157,ž_slim,11
3158,shoot,11
3159,da,11
3160,inherit,11
3161,result,11
3165,hey_erika,11
3167,transaction_id,11
3169,squatting,11
3171,paper,11
3172,line-height_important,11
3173,body_width,11
3174,suppose,11
3177,card_clicking,11
3178,thus,11
3179,mon_mar,11
3181,close,11
3182,ago_noticed,11
3183,order_placed,11
3185,left_clear,11
3188,disc_used,11
3189,internet,11
3190,float_left,11
3192,width_inherit,11
3194,subscription_reply,11
3197,missed,11
3198,inherit_important,11
3199,vertical-align_middle,11
3201,important_padding-left,11
3202,important_margin-left,11
3203,yiv_p,11
3204,month_charged,11
3205,min-width,11
3206,table-cell,11
3207,inline-block,11
3209,switch,11
3210,message_exchanged,11
3211,display_table,11
3213,intended_solely,11
3214,need_change,11
3216,vacation,11
3217,yiv_table,11
3218,excuse,11
3220,annually_year,11
3221,god,11
3222,subscriber_yay,11
3224,status_dhl,11
3225,application,11
3227,va,11
3228,b07475m9bx,11
3229,dissemination_distribution,11
3230,per_charged,11
3231,year_reply,11
3232,confidential_privileged,11
3234,course,11
3235,patient,11
3236,field,11
3237,year_month,11
3240,middle_important,11
3241,important_padding-right,11
3242,min-width_important,11
3243,table-row,11
3244,display_table-cell,11
3245,domain,11
3246,erika_view,11
3247,font-family,11
3248,carolina,11
3249,clear_width,11
3251,saving_year,11
3253,every_upgrading,11
3255,use_individual,11
3256,year_saving,11
3257,charged_annually,11
3259,preferred,11
3260,reference_previous,11
3262,exchanged_user,11
3263,last_period,11
3264,court,11
3265,ste,11
3267,previous_message,11
3268,specialist,11
3269,yiv_yiv,11
3270,holding,11
3271,may_erika,11
3272,stock,11
3273,yiv_li,11
3274,low,11
3275,non,11
3277,nuvaring,11
3278,aries,11
3279,expedited,11
3282,important_min-width,11
3283,body_yiv,11
3284,condition,11
3285,zone,11
3287,yiv_td,11
3288,table_yiv,11
3289,lauren_founder,11
3290,throughout,11
3291,happy_share,11
3292,sometimes,11
3293,merissa_designated,11
3294,payment_method,11
3295,wed_mar,11
3296,e-mail_helpful,11
3297,billing_information,11
3299,user_brand,11
3301,afraid,11
3302,individual_entity,11
3303,food,11
3304,leo,11
