,0
0,/8_0/exhibitor/exhibitor-details.cfm?exhid=211987
1,/8_0/exhibitor/exhibitor-details.cfm?exhid=302501
2,/8_0/exhibitor/exhibitor-details.cfm?exhid=305837
3,/8_0/exhibitor/exhibitor-details.cfm?exhid=S1302
4,/8_0/exhibitor/exhibitor-details.cfm?exhid=132023
5,/8_0/exhibitor/exhibitor-details.cfm?exhid=305429
6,/8_0/exhibitor/exhibitor-details.cfm?exhid=301451
7,/8_0/exhibitor/exhibitor-details.cfm?exhid=S1186
8,/8_0/exhibitor/exhibitor-details.cfm?exhid=305616
9,/8_0/exhibitor/exhibitor-details.cfm?exhid=244446
10,/8_0/exhibitor/exhibitor-details.cfm?exhid=302403
11,/8_0/exhibitor/exhibitor-details.cfm?exhid=305547
12,/8_0/exhibitor/exhibitor-details.cfm?exhid=S1076
13,/8_0/exhibitor/exhibitor-details.cfm?exhid=7375
14,/8_0/exhibitor/exhibitor-details.cfm?exhid=223510
15,/8_0/exhibitor/exhibitor-details.cfm?exhid=157741
16,/8_0/exhibitor/exhibitor-details.cfm?exhid=7419-11
17,/8_0/exhibitor/exhibitor-details.cfm?exhid=7419-15
18,/8_0/exhibitor/exhibitor-details.cfm?exhid=7419-61
19,/8_0/exhibitor/exhibitor-details.cfm?exhid=S1158
20,/8_0/exhibitor/exhibitor-details.cfm?exhid=7419-43
21,/8_0/exhibitor/exhibitor-details.cfm?exhid=7419-6
22,/8_0/exhibitor/exhibitor-details.cfm?exhid=109271
23,/8_0/exhibitor/exhibitor-details.cfm?exhid=7419-4
24,/8_0/exhibitor/exhibitor-details.cfm?exhid=114767
25,/8_0/exhibitor/exhibitor-details.cfm?exhid=131012-5
26,/8_0/exhibitor/exhibitor-details.cfm?exhid=131012-73
27,/8_0/exhibitor/exhibitor-details.cfm?exhid=157464
28,/8_0/exhibitor/exhibitor-details.cfm?exhid=131012-136
29,/8_0/exhibitor/exhibitor-details.cfm?exhid=S1211
30,/8_0/exhibitor/exhibitor-details.cfm?exhid=131012-102
31,/8_0/exhibitor/exhibitor-details.cfm?exhid=131012-39
32,/8_0/exhibitor/exhibitor-details.cfm?exhid=131012-108
33,/8_0/exhibitor/exhibitor-details.cfm?exhid=131012-42
34,/8_0/exhibitor/exhibitor-details.cfm?exhid=104407
35,/8_0/exhibitor/exhibitor-details.cfm?exhid=131012-165
36,/8_0/exhibitor/exhibitor-details.cfm?exhid=131012-93
37,/8_0/exhibitor/exhibitor-details.cfm?exhid=3176
38,/8_0/exhibitor/exhibitor-details.cfm?exhid=10500
39,/8_0/exhibitor/exhibitor-details.cfm?exhid=131012-13
40,/8_0/exhibitor/exhibitor-details.cfm?exhid=S1285
41,/8_0/exhibitor/exhibitor-details.cfm?exhid=268919
42,/8_0/exhibitor/exhibitor-details.cfm?exhid=S1069
43,/8_0/exhibitor/exhibitor-details.cfm?exhid=S1091
44,/8_0/exhibitor/exhibitor-details.cfm?exhid=1705
45,/8_0/exhibitor/exhibitor-details.cfm?exhid=246540
46,/8_0/exhibitor/exhibitor-details.cfm?exhid=131012-7
47,/8_0/exhibitor/exhibitor-details.cfm?exhid=S1117
48,/8_0/exhibitor/exhibitor-details.cfm?exhid=S1168
49,/8_0/exhibitor/exhibitor-details.cfm?exhid=129798
50,/8_0/exhibitor/exhibitor-details.cfm?exhid=132490
51,/8_0/exhibitor/exhibitor-details.cfm?exhid=S1120
52,/8_0/exhibitor/exhibitor-details.cfm?exhid=S1123
53,/8_0/exhibitor/exhibitor-details.cfm?exhid=4254-19
54,/8_0/exhibitor/exhibitor-details.cfm?exhid=133442
55,/8_0/exhibitor/exhibitor-details.cfm?exhid=131012-26
56,/8_0/exhibitor/exhibitor-details.cfm?exhid=4254-39
57,/8_0/exhibitor/exhibitor-details.cfm?exhid=131012-43
58,/8_0/exhibitor/exhibitor-details.cfm?exhid=131012-71
59,/8_0/exhibitor/exhibitor-details.cfm?exhid=300015
60,/8_0/exhibitor/exhibitor-details.cfm?exhid=4254-23
61,/8_0/exhibitor/exhibitor-details.cfm?exhid=101919
62,/8_0/exhibitor/exhibitor-details.cfm?exhid=S1156
63,/8_0/exhibitor/exhibitor-details.cfm?exhid=305637
64,/8_0/exhibitor/exhibitor-details.cfm?exhid=S1137
65,/8_0/exhibitor/exhibitor-details.cfm?exhid=S1199
66,/8_0/exhibitor/exhibitor-details.cfm?exhid=305533
67,/8_0/exhibitor/exhibitor-details.cfm?exhid=302055
68,/8_0/exhibitor/exhibitor-details.cfm?exhid=S1155
69,/8_0/exhibitor/exhibitor-details.cfm?exhid=258036
70,/8_0/exhibitor/exhibitor-details.cfm?exhid=102660
71,/8_0/exhibitor/exhibitor-details.cfm?exhid=110082
72,/8_0/exhibitor/exhibitor-details.cfm?exhid=131012-106
73,/8_0/exhibitor/exhibitor-details.cfm?exhid=4254-27
74,/8_0/exhibitor/exhibitor-details.cfm?exhid=5533
75,/8_0/exhibitor/exhibitor-details.cfm?exhid=131012-140
76,/8_0/exhibitor/exhibitor-details.cfm?exhid=200536
77,/8_0/exhibitor/exhibitor-details.cfm?exhid=S1149
78,/8_0/exhibitor/exhibitor-details.cfm?exhid=7419-2
79,/8_0/exhibitor/exhibitor-details.cfm?exhid=S1121
80,/8_0/exhibitor/exhibitor-details.cfm?exhid=301669
81,/8_0/exhibitor/exhibitor-details.cfm?exhid=2059
82,/8_0/exhibitor/exhibitor-details.cfm?exhid=S1135
83,/8_0/exhibitor/exhibitor-details.cfm?exhid=132490-16
84,/8_0/exhibitor/exhibitor-details.cfm?exhid=S1094
85,/8_0/exhibitor/exhibitor-details.cfm?exhid=S1171
86,/8_0/exhibitor/exhibitor-details.cfm?exhid=4254-17
87,/8_0/exhibitor/exhibitor-details.cfm?exhid=S1260
88,/8_0/exhibitor/exhibitor-details.cfm?exhid=305346
89,/8_0/exhibitor/exhibitor-details.cfm?exhid=S1277
90,/8_0/exhibitor/exhibitor-details.cfm?exhid=122880
91,/8_0/exhibitor/exhibitor-details.cfm?exhid=120687
92,/8_0/exhibitor/exhibitor-details.cfm?exhid=27946
93,/8_0/exhibitor/exhibitor-details.cfm?exhid=103714
94,/8_0/exhibitor/exhibitor-details.cfm?exhid=200654
95,/8_0/exhibitor/exhibitor-details.cfm?exhid=130613
96,/8_0/exhibitor/exhibitor-details.cfm?exhid=305398
97,/8_0/exhibitor/exhibitor-details.cfm?exhid=37473
98,/8_0/exhibitor/exhibitor-details.cfm?exhid=305704
99,/8_0/exhibitor/exhibitor-details.cfm?exhid=S1119
100,/8_0/exhibitor/exhibitor-details.cfm?exhid=7419-24
101,/8_0/exhibitor/exhibitor-details.cfm?exhid=101321
102,/8_0/exhibitor/exhibitor-details.cfm?exhid=131794
103,/8_0/exhibitor/exhibitor-details.cfm?exhid=131012-2
104,/8_0/exhibitor/exhibitor-details.cfm?exhid=301465
105,/8_0/exhibitor/exhibitor-details.cfm?exhid=131012-16
106,/8_0/exhibitor/exhibitor-details.cfm?exhid=156113
107,/8_0/exhibitor/exhibitor-details.cfm?exhid=107407
108,/8_0/exhibitor/exhibitor-details.cfm?exhid=131012-9
109,/8_0/exhibitor/exhibitor-details.cfm?exhid=157284
110,/8_0/exhibitor/exhibitor-details.cfm?exhid=246057
111,/8_0/exhibitor/exhibitor-details.cfm?exhid=128698
112,/8_0/exhibitor/exhibitor-details.cfm?exhid=135204
113,/8_0/exhibitor/exhibitor-details.cfm?exhid=102212
114,/8_0/exhibitor/exhibitor-details.cfm?exhid=S1005
115,/8_0/exhibitor/exhibitor-details.cfm?exhid=268536
116,/8_0/exhibitor/exhibitor-details.cfm?exhid=35298-38
117,/8_0/exhibitor/exhibitor-details.cfm?exhid=132490-21
118,/8_0/exhibitor/exhibitor-details.cfm?exhid=S1205
119,/8_0/exhibitor/exhibitor-details.cfm?exhid=S1206
120,/8_0/exhibitor/exhibitor-details.cfm?exhid=S1147
121,/8_0/exhibitor/exhibitor-details.cfm?exhid=S1238
122,/8_0/exhibitor/exhibitor-details.cfm?exhid=132490-1
123,/8_0/exhibitor/exhibitor-details.cfm?exhid=32535
124,/8_0/exhibitor/exhibitor-details.cfm?exhid=35298-16
125,/8_0/exhibitor/exhibitor-details.cfm?exhid=131012-11
126,/8_0/exhibitor/exhibitor-details.cfm?exhid=301691
127,/8_0/exhibitor/exhibitor-details.cfm?exhid=S1333
128,/8_0/exhibitor/exhibitor-details.cfm?exhid=35298-24
129,/8_0/exhibitor/exhibitor-details.cfm?exhid=7419-33
130,/8_0/exhibitor/exhibitor-details.cfm?exhid=122589
131,/8_0/exhibitor/exhibitor-details.cfm?exhid=128926
132,/8_0/exhibitor/exhibitor-details.cfm?exhid=1820
133,/8_0/exhibitor/exhibitor-details.cfm?exhid=301743
134,/8_0/exhibitor/exhibitor-details.cfm?exhid=305883
135,/8_0/exhibitor/exhibitor-details.cfm?exhid=29816
136,/8_0/exhibitor/exhibitor-details.cfm?exhid=1762
137,/8_0/exhibitor/exhibitor-details.cfm?exhid=7419-47
138,/8_0/exhibitor/exhibitor-details.cfm?exhid=190257
139,/8_0/exhibitor/exhibitor-details.cfm?exhid=301229
140,/8_0/exhibitor/exhibitor-details.cfm?exhid=4355
141,/8_0/exhibitor/exhibitor-details.cfm?exhid=S1088
142,/8_0/exhibitor/exhibitor-details.cfm?exhid=246014
143,/8_0/exhibitor/exhibitor-details.cfm?exhid=132490-7
144,/8_0/exhibitor/exhibitor-details.cfm?exhid=233971
145,/8_0/exhibitor/exhibitor-details.cfm?exhid=132490-9
146,/8_0/exhibitor/exhibitor-details.cfm?exhid=257784
147,/8_0/exhibitor/exhibitor-details.cfm?exhid=S1287
148,/8_0/exhibitor/exhibitor-details.cfm?exhid=131012-161
149,/8_0/exhibitor/exhibitor-details.cfm?exhid=7419-58
150,/8_0/exhibitor/exhibitor-details.cfm?exhid=35081
151,/8_0/exhibitor/exhibitor-details.cfm?exhid=301557
152,/8_0/exhibitor/exhibitor-details.cfm?exhid=S1134
153,/8_0/exhibitor/exhibitor-details.cfm?exhid=S1138
154,/8_0/exhibitor/exhibitor-details.cfm?exhid=246158
155,/8_0/exhibitor/exhibitor-details.cfm?exhid=244686
156,/8_0/exhibitor/exhibitor-details.cfm?exhid=S1301
157,/8_0/exhibitor/exhibitor-details.cfm?exhid=131012-67
158,/8_0/exhibitor/exhibitor-details.cfm?exhid=4254-8
159,/8_0/exhibitor/exhibitor-details.cfm?exhid=35779
160,/8_0/exhibitor/exhibitor-details.cfm?exhid=S1095
161,/8_0/exhibitor/exhibitor-details.cfm?exhid=S1045
162,/8_0/exhibitor/exhibitor-details.cfm?exhid=305583
163,/8_0/exhibitor/exhibitor-details.cfm?exhid=301318
164,/8_0/exhibitor/exhibitor-details.cfm?exhid=1018
165,/8_0/exhibitor/exhibitor-details.cfm?exhid=103860
166,/8_0/exhibitor/exhibitor-details.cfm?exhid=1547
167,/8_0/exhibitor/exhibitor-details.cfm?exhid=S1112
168,/8_0/exhibitor/exhibitor-details.cfm?exhid=S1113
169,/8_0/exhibitor/exhibitor-details.cfm?exhid=10510
170,/8_0/exhibitor/exhibitor-details.cfm?exhid=156214
171,/8_0/exhibitor/exhibitor-details.cfm?exhid=26482
172,/8_0/exhibitor/exhibitor-details.cfm?exhid=3717
173,/8_0/exhibitor/exhibitor-details.cfm?exhid=301077
174,/8_0/exhibitor/exhibitor-details.cfm?exhid=212385
175,/8_0/exhibitor/exhibitor-details.cfm?exhid=38899
176,/8_0/exhibitor/exhibitor-details.cfm?exhid=7419-29
177,/8_0/exhibitor/exhibitor-details.cfm?exhid=1661
178,/8_0/exhibitor/exhibitor-details.cfm?exhid=301549
179,/8_0/exhibitor/exhibitor-details.cfm?exhid=132490-15
180,/8_0/exhibitor/exhibitor-details.cfm?exhid=132490-12
181,/8_0/exhibitor/exhibitor-details.cfm?exhid=1026
182,/8_0/exhibitor/exhibitor-details.cfm?exhid=131012-127
183,/8_0/exhibitor/exhibitor-details.cfm?exhid=301706
184,/8_0/exhibitor/exhibitor-details.cfm?exhid=131012-131
185,/8_0/exhibitor/exhibitor-details.cfm?exhid=305209
186,/8_0/exhibitor/exhibitor-details.cfm?exhid=301109
187,/8_0/exhibitor/exhibitor-details.cfm?exhid=245934
188,/8_0/exhibitor/exhibitor-details.cfm?exhid=8032
189,/8_0/exhibitor/exhibitor-details.cfm?exhid=33868
190,/8_0/exhibitor/exhibitor-details.cfm?exhid=131012-112
191,/8_0/exhibitor/exhibitor-details.cfm?exhid=131012-142
192,/8_0/exhibitor/exhibitor-details.cfm?exhid=131012-124
193,/8_0/exhibitor/exhibitor-details.cfm?exhid=131012-132
194,/8_0/exhibitor/exhibitor-details.cfm?exhid=131012-59
195,/8_0/exhibitor/exhibitor-details.cfm?exhid=301153
196,/8_0/exhibitor/exhibitor-details.cfm?exhid=S1311
197,/8_0/exhibitor/exhibitor-details.cfm?exhid=156132
198,/8_0/exhibitor/exhibitor-details.cfm?exhid=S1194
199,/8_0/exhibitor/exhibitor-details.cfm?exhid=S1292
200,/8_0/exhibitor/exhibitor-details.cfm?exhid=302885
201,/8_0/exhibitor/exhibitor-details.cfm?exhid=2312
202,/8_0/exhibitor/exhibitor-details.cfm?exhid=112577
203,/8_0/exhibitor/exhibitor-details.cfm?exhid=105932
204,/8_0/exhibitor/exhibitor-details.cfm?exhid=301183
205,/8_0/exhibitor/exhibitor-details.cfm?exhid=129653
206,/8_0/exhibitor/exhibitor-details.cfm?exhid=131012-154
207,/8_0/exhibitor/exhibitor-details.cfm?exhid=101802
208,/8_0/exhibitor/exhibitor-details.cfm?exhid=247095
209,/8_0/exhibitor/exhibitor-details.cfm?exhid=305784
210,/8_0/exhibitor/exhibitor-details.cfm?exhid=179745
211,/8_0/exhibitor/exhibitor-details.cfm?exhid=131012-57
212,/8_0/exhibitor/exhibitor-details.cfm?exhid=131012-168
213,/8_0/exhibitor/exhibitor-details.cfm?exhid=128832
214,/8_0/exhibitor/exhibitor-details.cfm?exhid=301149
215,/8_0/exhibitor/exhibitor-details.cfm?exhid=129730
216,/8_0/exhibitor/exhibitor-details.cfm?exhid=301562
217,/8_0/exhibitor/exhibitor-details.cfm?exhid=301581
218,/8_0/exhibitor/exhibitor-details.cfm?exhid=37037
219,/8_0/exhibitor/exhibitor-details.cfm?exhid=107219
220,/8_0/exhibitor/exhibitor-details.cfm?exhid=190420
221,/8_0/exhibitor/exhibitor-details.cfm?exhid=36719
222,/8_0/exhibitor/exhibitor-details.cfm?exhid=28585
223,/8_0/exhibitor/exhibitor-details.cfm?exhid=26329
224,/8_0/exhibitor/exhibitor-details.cfm?exhid=125275
225,/8_0/exhibitor/exhibitor-details.cfm?exhid=27021
226,/8_0/exhibitor/exhibitor-details.cfm?exhid=124587
227,/8_0/exhibitor/exhibitor-details.cfm?exhid=125747
228,/8_0/exhibitor/exhibitor-details.cfm?exhid=120682
229,/8_0/exhibitor/exhibitor-details.cfm?exhid=102964
230,/8_0/exhibitor/exhibitor-details.cfm?exhid=126032
231,/8_0/exhibitor/exhibitor-details.cfm?exhid=124577
232,/8_0/exhibitor/exhibitor-details.cfm?exhid=S1318
233,/8_0/exhibitor/exhibitor-details.cfm?exhid=246093
234,/8_0/exhibitor/exhibitor-details.cfm?exhid=S1150
235,/8_0/exhibitor/exhibitor-details.cfm?exhid=S1164
236,/8_0/exhibitor/exhibitor-details.cfm?exhid=119934
237,/8_0/exhibitor/exhibitor-details.cfm?exhid=2077
238,/8_0/exhibitor/exhibitor-details.cfm?exhid=S1191
239,/8_0/exhibitor/exhibitor-details.cfm?exhid=212022
240,/8_0/exhibitor/exhibitor-details.cfm?exhid=109402
241,/8_0/exhibitor/exhibitor-details.cfm?exhid=129875
242,/8_0/exhibitor/exhibitor-details.cfm?exhid=305375
243,/8_0/exhibitor/exhibitor-details.cfm?exhid=2031
244,/8_0/exhibitor/exhibitor-details.cfm?exhid=1688
245,/8_0/exhibitor/exhibitor-details.cfm?exhid=S1329
246,/8_0/exhibitor/exhibitor-details.cfm?exhid=107812
247,/8_0/exhibitor/exhibitor-details.cfm?exhid=128470
248,/8_0/exhibitor/exhibitor-details.cfm?exhid=S1252
249,/8_0/exhibitor/exhibitor-details.cfm?exhid=131012-6
250,/8_0/exhibitor/exhibitor-details.cfm?exhid=131012-70
251,/8_0/exhibitor/exhibitor-details.cfm?exhid=5586
252,/8_0/exhibitor/exhibitor-details.cfm?exhid=28725
253,/8_0/exhibitor/exhibitor-details.cfm?exhid=118919
254,/8_0/exhibitor/exhibitor-details.cfm?exhid=305817
255,/8_0/exhibitor/exhibitor-details.cfm?exhid=S1209
256,/8_0/exhibitor/exhibitor-details.cfm?exhid=125482
257,/8_0/exhibitor/exhibitor-details.cfm?exhid=4850
258,/8_0/exhibitor/exhibitor-details.cfm?exhid=244452
259,/8_0/exhibitor/exhibitor-details.cfm?exhid=301676
260,/8_0/exhibitor/exhibitor-details.cfm?exhid=131012-110
261,/8_0/exhibitor/exhibitor-details.cfm?exhid=S1293
262,/8_0/exhibitor/exhibitor-details.cfm?exhid=305298
263,/8_0/exhibitor/exhibitor-details.cfm?exhid=131012-153
264,/8_0/exhibitor/exhibitor-details.cfm?exhid=301006
265,/8_0/exhibitor/exhibitor-details.cfm?exhid=212301
266,/8_0/exhibitor/exhibitor-details.cfm?exhid=S1125
267,/8_0/exhibitor/exhibitor-details.cfm?exhid=1731
268,/8_0/exhibitor/exhibitor-details.cfm?exhid=7419-25
269,/8_0/exhibitor/exhibitor-details.cfm?exhid=S1344
270,/8_0/exhibitor/exhibitor-details.cfm?exhid=131733
271,/8_0/exhibitor/exhibitor-details.cfm?exhid=7419-30
272,/8_0/exhibitor/exhibitor-details.cfm?exhid=223290
273,/8_0/exhibitor/exhibitor-details.cfm?exhid=233962
274,/8_0/exhibitor/exhibitor-details.cfm?exhid=257782
275,/8_0/exhibitor/exhibitor-details.cfm?exhid=131012-40
276,/8_0/exhibitor/exhibitor-details.cfm?exhid=114994
277,/8_0/exhibitor/exhibitor-details.cfm?exhid=7419-9
278,/8_0/exhibitor/exhibitor-details.cfm?exhid=S1070
279,/8_0/exhibitor/exhibitor-details.cfm?exhid=103312
280,/8_0/exhibitor/exhibitor-details.cfm?exhid=S1257
281,/8_0/exhibitor/exhibitor-details.cfm?exhid=126911
282,/8_0/exhibitor/exhibitor-details.cfm?exhid=1050
283,/8_0/exhibitor/exhibitor-details.cfm?exhid=S1330
284,/8_0/exhibitor/exhibitor-details.cfm?exhid=301632
285,/8_0/exhibitor/exhibitor-details.cfm?exhid=27448
286,/8_0/exhibitor/exhibitor-details.cfm?exhid=S1148
287,/8_0/exhibitor/exhibitor-details.cfm?exhid=157180
288,/8_0/exhibitor/exhibitor-details.cfm?exhid=7269
289,/8_0/exhibitor/exhibitor-details.cfm?exhid=7838
290,/8_0/exhibitor/exhibitor-details.cfm?exhid=7419-34
291,/8_0/exhibitor/exhibitor-details.cfm?exhid=S1011
292,/8_0/exhibitor/exhibitor-details.cfm?exhid=S1053
293,/8_0/exhibitor/exhibitor-details.cfm?exhid=302203
294,/8_0/exhibitor/exhibitor-details.cfm?exhid=S1268
295,/8_0/exhibitor/exhibitor-details.cfm?exhid=167997
296,/8_0/exhibitor/exhibitor-details.cfm?exhid=133558
297,/8_0/exhibitor/exhibitor-details.cfm?exhid=S1183
298,/8_0/exhibitor/exhibitor-details.cfm?exhid=102319
299,/8_0/exhibitor/exhibitor-details.cfm?exhid=131012-116
300,/8_0/exhibitor/exhibitor-details.cfm?exhid=131012-85
301,/8_0/exhibitor/exhibitor-details.cfm?exhid=301367
302,/8_0/exhibitor/exhibitor-details.cfm?exhid=S1236
303,/8_0/exhibitor/exhibitor-details.cfm?exhid=301254
304,/8_0/exhibitor/exhibitor-details.cfm?exhid=S1331
305,/8_0/exhibitor/exhibitor-details.cfm?exhid=131012-101
306,/8_0/exhibitor/exhibitor-details.cfm?exhid=119480
307,/8_0/exhibitor/exhibitor-details.cfm?exhid=212125
308,/8_0/exhibitor/exhibitor-details.cfm?exhid=301164
309,/8_0/exhibitor/exhibitor-details.cfm?exhid=301108
310,/8_0/exhibitor/exhibitor-details.cfm?exhid=268980
311,/8_0/exhibitor/exhibitor-details.cfm?exhid=247020
312,/8_0/exhibitor/exhibitor-details.cfm?exhid=5254
313,/8_0/exhibitor/exhibitor-details.cfm?exhid=S1175
314,/8_0/exhibitor/exhibitor-details.cfm?exhid=105837
315,/8_0/exhibitor/exhibitor-details.cfm?exhid=39103
316,/8_0/exhibitor/exhibitor-details.cfm?exhid=131012-172
317,/8_0/exhibitor/exhibitor-details.cfm?exhid=200843
318,/8_0/exhibitor/exhibitor-details.cfm?exhid=S1276
319,/8_0/exhibitor/exhibitor-details.cfm?exhid=7419-52
320,/8_0/exhibitor/exhibitor-details.cfm?exhid=S1068
321,/8_0/exhibitor/exhibitor-details.cfm?exhid=S1079
322,/8_0/exhibitor/exhibitor-details.cfm?exhid=S1050
323,/8_0/exhibitor/exhibitor-details.cfm?exhid=7419-46
324,/8_0/exhibitor/exhibitor-details.cfm?exhid=7419-8
325,/8_0/exhibitor/exhibitor-details.cfm?exhid=7419-44
326,/8_0/exhibitor/exhibitor-details.cfm?exhid=7419-42
327,/8_0/exhibitor/exhibitor-details.cfm?exhid=7419-40
328,/8_0/exhibitor/exhibitor-details.cfm?exhid=131012-86
329,/8_0/exhibitor/exhibitor-details.cfm?exhid=131012-29
330,/8_0/exhibitor/exhibitor-details.cfm?exhid=7419-17
331,/8_0/exhibitor/exhibitor-details.cfm?exhid=S1230
332,/8_0/exhibitor/exhibitor-details.cfm?exhid=S1176
333,/8_0/exhibitor/exhibitor-details.cfm?exhid=131012-3
334,/8_0/exhibitor/exhibitor-details.cfm?exhid=S1173
335,/8_0/exhibitor/exhibitor-details.cfm?exhid=S1212
336,/8_0/exhibitor/exhibitor-details.cfm?exhid=131012-75
337,/8_0/exhibitor/exhibitor-details.cfm?exhid=131012-22
338,/8_0/exhibitor/exhibitor-details.cfm?exhid=S1213
339,/8_0/exhibitor/exhibitor-details.cfm?exhid=S1214
340,/8_0/exhibitor/exhibitor-details.cfm?exhid=S1215
341,/8_0/exhibitor/exhibitor-details.cfm?exhid=131012-76
342,/8_0/exhibitor/exhibitor-details.cfm?exhid=131012-89
343,/8_0/exhibitor/exhibitor-details.cfm?exhid=131012-1
344,/8_0/exhibitor/exhibitor-details.cfm?exhid=302506
345,/8_0/exhibitor/exhibitor-details.cfm?exhid=S1114
346,/8_0/exhibitor/exhibitor-details.cfm?exhid=303050
347,/8_0/exhibitor/exhibitor-details.cfm?exhid=7960
348,/8_0/exhibitor/exhibitor-details.cfm?exhid=301017
349,/8_0/exhibitor/exhibitor-details.cfm?exhid=200746
350,/8_0/exhibitor/exhibitor-details.cfm?exhid=35298-21
351,/8_0/exhibitor/exhibitor-details.cfm?exhid=26842
352,/8_0/exhibitor/exhibitor-details.cfm?exhid=7419-3
353,/8_0/exhibitor/exhibitor-details.cfm?exhid=131012-87
354,/8_0/exhibitor/exhibitor-details.cfm?exhid=131012-171
355,/8_0/exhibitor/exhibitor-details.cfm?exhid=S1326
356,/8_0/exhibitor/exhibitor-details.cfm?exhid=301107
357,/8_0/exhibitor/exhibitor-details.cfm?exhid=2559
358,/8_0/exhibitor/exhibitor-details.cfm?exhid=5433
359,/8_0/exhibitor/exhibitor-details.cfm?exhid=131012-144
360,/8_0/exhibitor/exhibitor-details.cfm?exhid=38200
361,/8_0/exhibitor/exhibitor-details.cfm?exhid=35298-31
362,/8_0/exhibitor/exhibitor-details.cfm?exhid=S1027
363,/8_0/exhibitor/exhibitor-details.cfm?exhid=S1250
364,/8_0/exhibitor/exhibitor-details.cfm?exhid=S1291
365,/8_0/exhibitor/exhibitor-details.cfm?exhid=7844
366,/8_0/exhibitor/exhibitor-details.cfm?exhid=26987
367,/8_0/exhibitor/exhibitor-details.cfm?exhid=S1249
368,/8_0/exhibitor/exhibitor-details.cfm?exhid=301712
369,/8_0/exhibitor/exhibitor-details.cfm?exhid=125480
370,/8_0/exhibitor/exhibitor-details.cfm?exhid=3180
371,/8_0/exhibitor/exhibitor-details.cfm?exhid=131012-63
372,/8_0/exhibitor/exhibitor-details.cfm?exhid=3253
373,/8_0/exhibitor/exhibitor-details.cfm?exhid=101619
374,/8_0/exhibitor/exhibitor-details.cfm?exhid=8268
375,/8_0/exhibitor/exhibitor-details.cfm?exhid=305321
376,/8_0/exhibitor/exhibitor-details.cfm?exhid=131012-27
377,/8_0/exhibitor/exhibitor-details.cfm?exhid=31380
378,/8_0/exhibitor/exhibitor-details.cfm?exhid=131012-56
379,/8_0/exhibitor/exhibitor-details.cfm?exhid=132490-25
380,/8_0/exhibitor/exhibitor-details.cfm?exhid=304508
381,/8_0/exhibitor/exhibitor-details.cfm?exhid=3652
382,/8_0/exhibitor/exhibitor-details.cfm?exhid=35298-6
383,/8_0/exhibitor/exhibitor-details.cfm?exhid=301566
384,/8_0/exhibitor/exhibitor-details.cfm?exhid=2032
385,/8_0/exhibitor/exhibitor-details.cfm?exhid=3606
386,/8_0/exhibitor/exhibitor-details.cfm?exhid=305677
387,/8_0/exhibitor/exhibitor-details.cfm?exhid=S1216
388,/8_0/exhibitor/exhibitor-details.cfm?exhid=1355
389,/8_0/exhibitor/exhibitor-details.cfm?exhid=S1228
390,/8_0/exhibitor/exhibitor-details.cfm?exhid=178191
391,/8_0/exhibitor/exhibitor-details.cfm?exhid=125972
392,/8_0/exhibitor/exhibitor-details.cfm?exhid=178969
393,/8_0/exhibitor/exhibitor-details.cfm?exhid=S1116
394,/8_0/exhibitor/exhibitor-details.cfm?exhid=34711
395,/8_0/exhibitor/exhibitor-details.cfm?exhid=305625
396,/8_0/exhibitor/exhibitor-details.cfm?exhid=26163
397,/8_0/exhibitor/exhibitor-details.cfm?exhid=1112
398,/8_0/exhibitor/exhibitor-details.cfm?exhid=131012-78
399,/8_0/exhibitor/exhibitor-details.cfm?exhid=S1109
400,/8_0/exhibitor/exhibitor-details.cfm?exhid=132490-2
401,/8_0/exhibitor/exhibitor-details.cfm?exhid=S1198
402,/8_0/exhibitor/exhibitor-details.cfm?exhid=S1322
403,/8_0/exhibitor/exhibitor-details.cfm?exhid=35298-8
404,/8_0/exhibitor/exhibitor-details.cfm?exhid=244148
405,/8_0/exhibitor/exhibitor-details.cfm?exhid=178499
406,/8_0/exhibitor/exhibitor-details.cfm?exhid=131012-81
407,/8_0/exhibitor/exhibitor-details.cfm?exhid=32408
408,/8_0/exhibitor/exhibitor-details.cfm?exhid=268707
409,/8_0/exhibitor/exhibitor-details.cfm?exhid=131012-94
410,/8_0/exhibitor/exhibitor-details.cfm?exhid=302407
411,/8_0/exhibitor/exhibitor-details.cfm?exhid=301066
412,/8_0/exhibitor/exhibitor-details.cfm?exhid=4254-20
413,/8_0/exhibitor/exhibitor-details.cfm?exhid=S1336
414,/8_0/exhibitor/exhibitor-details.cfm?exhid=S1041
415,/8_0/exhibitor/exhibitor-details.cfm?exhid=4062
416,/8_0/exhibitor/exhibitor-details.cfm?exhid=179936
417,/8_0/exhibitor/exhibitor-details.cfm?exhid=301156
418,/8_0/exhibitor/exhibitor-details.cfm?exhid=132490-23
419,/8_0/exhibitor/exhibitor-details.cfm?exhid=S1163
420,/8_0/exhibitor/exhibitor-details.cfm?exhid=131012-100
421,/8_0/exhibitor/exhibitor-details.cfm?exhid=131012-12
422,/8_0/exhibitor/exhibitor-details.cfm?exhid=S1014
423,/8_0/exhibitor/exhibitor-details.cfm?exhid=123462
424,/8_0/exhibitor/exhibitor-details.cfm?exhid=100188
425,/8_0/exhibitor/exhibitor-details.cfm?exhid=35298-44
426,/8_0/exhibitor/exhibitor-details.cfm?exhid=S1146
427,/8_0/exhibitor/exhibitor-details.cfm?exhid=S1098
428,/8_0/exhibitor/exhibitor-details.cfm?exhid=305689
429,/8_0/exhibitor/exhibitor-details.cfm?exhid=305333
430,/8_0/exhibitor/exhibitor-details.cfm?exhid=30100
431,/8_0/exhibitor/exhibitor-details.cfm?exhid=223601
432,/8_0/exhibitor/exhibitor-details.cfm?exhid=305438
433,/8_0/exhibitor/exhibitor-details.cfm?exhid=28351
434,/8_0/exhibitor/exhibitor-details.cfm?exhid=S1064
435,/8_0/exhibitor/exhibitor-details.cfm?exhid=1598
436,/8_0/exhibitor/exhibitor-details.cfm?exhid=7419-49
437,/8_0/exhibitor/exhibitor-details.cfm?exhid=7419-38
438,/8_0/exhibitor/exhibitor-details.cfm?exhid=129859
439,/8_0/exhibitor/exhibitor-details.cfm?exhid=305734
440,/8_0/exhibitor/exhibitor-details.cfm?exhid=1607
441,/8_0/exhibitor/exhibitor-details.cfm?exhid=268367
442,/8_0/exhibitor/exhibitor-details.cfm?exhid=S1258
443,/8_0/exhibitor/exhibitor-details.cfm?exhid=300689
444,/8_0/exhibitor/exhibitor-details.cfm?exhid=301592
445,/8_0/exhibitor/exhibitor-details.cfm?exhid=31561
446,/8_0/exhibitor/exhibitor-details.cfm?exhid=35298-2
447,/8_0/exhibitor/exhibitor-details.cfm?exhid=305118
448,/8_0/exhibitor/exhibitor-details.cfm?exhid=S1299
449,/8_0/exhibitor/exhibitor-details.cfm?exhid=1368
450,/8_0/exhibitor/exhibitor-details.cfm?exhid=305909
451,/8_0/exhibitor/exhibitor-details.cfm?exhid=1470
452,/8_0/exhibitor/exhibitor-details.cfm?exhid=42237
453,/8_0/exhibitor/exhibitor-details.cfm?exhid=31423
454,/8_0/exhibitor/exhibitor-details.cfm?exhid=4254-14
455,/8_0/exhibitor/exhibitor-details.cfm?exhid=10997
456,/8_0/exhibitor/exhibitor-details.cfm?exhid=4254-30
457,/8_0/exhibitor/exhibitor-details.cfm?exhid=302103
458,/8_0/exhibitor/exhibitor-details.cfm?exhid=8962
459,/8_0/exhibitor/exhibitor-details.cfm?exhid=7419-53
460,/8_0/exhibitor/exhibitor-details.cfm?exhid=131012-133
461,/8_0/exhibitor/exhibitor-details.cfm?exhid=131012-163
462,/8_0/exhibitor/exhibitor-details.cfm?exhid=3288
463,/8_0/exhibitor/exhibitor-details.cfm?exhid=31229
464,/8_0/exhibitor/exhibitor-details.cfm?exhid=S1296
465,/8_0/exhibitor/exhibitor-details.cfm?exhid=7419-54
466,/8_0/exhibitor/exhibitor-details.cfm?exhid=4254-40
467,/8_0/exhibitor/exhibitor-details.cfm?exhid=4254
468,/8_0/exhibitor/exhibitor-details.cfm?exhid=8973
469,/8_0/exhibitor/exhibitor-details.cfm?exhid=4254-10
470,/8_0/exhibitor/exhibitor-details.cfm?exhid=S1273
471,/8_0/exhibitor/exhibitor-details.cfm?exhid=S1343
472,/8_0/exhibitor/exhibitor-details.cfm?exhid=S1144
473,/8_0/exhibitor/exhibitor-details.cfm?exhid=4254-16
474,/8_0/exhibitor/exhibitor-details.cfm?exhid=S1229
475,/8_0/exhibitor/exhibitor-details.cfm?exhid=1053
476,/8_0/exhibitor/exhibitor-details.cfm?exhid=244501
477,/8_0/exhibitor/exhibitor-details.cfm?exhid=1098
478,/8_0/exhibitor/exhibitor-details.cfm?exhid=S1233
479,/8_0/exhibitor/exhibitor-details.cfm?exhid=S1225
480,/8_0/exhibitor/exhibitor-details.cfm?exhid=S1231
481,/8_0/exhibitor/exhibitor-details.cfm?exhid=4254-33
482,/8_0/exhibitor/exhibitor-details.cfm?exhid=S1020
483,/8_0/exhibitor/exhibitor-details.cfm?exhid=212321
484,/8_0/exhibitor/exhibitor-details.cfm?exhid=S1182
485,/8_0/exhibitor/exhibitor-details.cfm?exhid=302753
486,/8_0/exhibitor/exhibitor-details.cfm?exhid=305252
487,/8_0/exhibitor/exhibitor-details.cfm?exhid=131012-152
488,/8_0/exhibitor/exhibitor-details.cfm?exhid=131012-147
489,/8_0/exhibitor/exhibitor-details.cfm?exhid=1100
490,/8_0/exhibitor/exhibitor-details.cfm?exhid=301741
491,/8_0/exhibitor/exhibitor-details.cfm?exhid=S1074
492,/8_0/exhibitor/exhibitor-details.cfm?exhid=S1092
493,/8_0/exhibitor/exhibitor-details.cfm?exhid=30904
494,/8_0/exhibitor/exhibitor-details.cfm?exhid=S1332
495,/8_0/exhibitor/exhibitor-details.cfm?exhid=305560
496,/8_0/exhibitor/exhibitor-details.cfm?exhid=1504
497,/8_0/exhibitor/exhibitor-details.cfm?exhid=131012-60
498,/8_0/exhibitor/exhibitor-details.cfm?exhid=200718
499,/8_0/exhibitor/exhibitor-details.cfm?exhid=301590
500,/8_0/exhibitor/exhibitor-details.cfm?exhid=4254-31
501,/8_0/exhibitor/exhibitor-details.cfm?exhid=29867
502,/8_0/exhibitor/exhibitor-details.cfm?exhid=131012-4
503,/8_0/exhibitor/exhibitor-details.cfm?exhid=116052
504,/8_0/exhibitor/exhibitor-details.cfm?exhid=S1040
505,/8_0/exhibitor/exhibitor-details.cfm?exhid=41650
506,/8_0/exhibitor/exhibitor-details.cfm?exhid=131012-28
507,/8_0/exhibitor/exhibitor-details.cfm?exhid=131012-19
508,/8_0/exhibitor/exhibitor-details.cfm?exhid=119746
509,/8_0/exhibitor/exhibitor-details.cfm?exhid=246473
510,/8_0/exhibitor/exhibitor-details.cfm?exhid=106564
511,/8_0/exhibitor/exhibitor-details.cfm?exhid=301528
512,/8_0/exhibitor/exhibitor-details.cfm?exhid=131012-82
513,/8_0/exhibitor/exhibitor-details.cfm?exhid=131012-109
514,/8_0/exhibitor/exhibitor-details.cfm?exhid=132490-6
515,/8_0/exhibitor/exhibitor-details.cfm?exhid=131012-164
516,/8_0/exhibitor/exhibitor-details.cfm?exhid=129128
517,/8_0/exhibitor/exhibitor-details.cfm?exhid=155672
518,/8_0/exhibitor/exhibitor-details.cfm?exhid=108100
519,/8_0/exhibitor/exhibitor-details.cfm?exhid=30066
520,/8_0/exhibitor/exhibitor-details.cfm?exhid=112960
521,/8_0/exhibitor/exhibitor-details.cfm?exhid=106568
522,/8_0/exhibitor/exhibitor-details.cfm?exhid=1684
523,/8_0/exhibitor/exhibitor-details.cfm?exhid=301594
524,/8_0/exhibitor/exhibitor-details.cfm?exhid=131012-162
525,/8_0/exhibitor/exhibitor-details.cfm?exhid=305603
526,/8_0/exhibitor/exhibitor-details.cfm?exhid=26395
527,/8_0/exhibitor/exhibitor-details.cfm?exhid=301239
528,/8_0/exhibitor/exhibitor-details.cfm?exhid=305452
529,/8_0/exhibitor/exhibitor-details.cfm?exhid=S1141
530,/8_0/exhibitor/exhibitor-details.cfm?exhid=S1217
531,/8_0/exhibitor/exhibitor-details.cfm?exhid=S1184
532,/8_0/exhibitor/exhibitor-details.cfm?exhid=305802
533,/8_0/exhibitor/exhibitor-details.cfm?exhid=S1178
534,/8_0/exhibitor/exhibitor-details.cfm?exhid=246141
535,/8_0/exhibitor/exhibitor-details.cfm?exhid=S1284
536,/8_0/exhibitor/exhibitor-details.cfm?exhid=36186
537,/8_0/exhibitor/exhibitor-details.cfm?exhid=5479
538,/8_0/exhibitor/exhibitor-details.cfm?exhid=107416
539,/8_0/exhibitor/exhibitor-details.cfm?exhid=S1297
540,/8_0/exhibitor/exhibitor-details.cfm?exhid=7271
541,/8_0/exhibitor/exhibitor-details.cfm?exhid=3806
542,/8_0/exhibitor/exhibitor-details.cfm?exhid=S1323
543,/8_0/exhibitor/exhibitor-details.cfm?exhid=31428
544,/8_0/exhibitor/exhibitor-details.cfm?exhid=133571
545,/8_0/exhibitor/exhibitor-details.cfm?exhid=104508
546,/8_0/exhibitor/exhibitor-details.cfm?exhid=126695
547,/8_0/exhibitor/exhibitor-details.cfm?exhid=131012-160
548,/8_0/exhibitor/exhibitor-details.cfm?exhid=301087
549,/8_0/exhibitor/exhibitor-details.cfm?exhid=302406
550,/8_0/exhibitor/exhibitor-details.cfm?exhid=301707
551,/8_0/exhibitor/exhibitor-details.cfm?exhid=S1218
552,/8_0/exhibitor/exhibitor-details.cfm?exhid=7645
553,/8_0/exhibitor/exhibitor-details.cfm?exhid=102177
554,/8_0/exhibitor/exhibitor-details.cfm?exhid=125373
555,/8_0/exhibitor/exhibitor-details.cfm?exhid=7161
556,/8_0/exhibitor/exhibitor-details.cfm?exhid=S1193
557,/8_0/exhibitor/exhibitor-details.cfm?exhid=S1075
558,/8_0/exhibitor/exhibitor-details.cfm?exhid=S1097
559,/8_0/exhibitor/exhibitor-details.cfm?exhid=4293
560,/8_0/exhibitor/exhibitor-details.cfm?exhid=S1046
561,/8_0/exhibitor/exhibitor-details.cfm?exhid=S1055
562,/8_0/exhibitor/exhibitor-details.cfm?exhid=S1084
563,/8_0/exhibitor/exhibitor-details.cfm?exhid=41565
564,/8_0/exhibitor/exhibitor-details.cfm?exhid=S1274
565,/8_0/exhibitor/exhibitor-details.cfm?exhid=29418
566,/8_0/exhibitor/exhibitor-details.cfm?exhid=211656
567,/8_0/exhibitor/exhibitor-details.cfm?exhid=S1025
568,/8_0/exhibitor/exhibitor-details.cfm?exhid=223895
569,/8_0/exhibitor/exhibitor-details.cfm?exhid=305561
570,/8_0/exhibitor/exhibitor-details.cfm?exhid=301641
571,/8_0/exhibitor/exhibitor-details.cfm?exhid=301684
572,/8_0/exhibitor/exhibitor-details.cfm?exhid=S1126
573,/8_0/exhibitor/exhibitor-details.cfm?exhid=S1136
574,/8_0/exhibitor/exhibitor-details.cfm?exhid=126059
575,/8_0/exhibitor/exhibitor-details.cfm?exhid=S1298
576,/8_0/exhibitor/exhibitor-details.cfm?exhid=131012-84
577,/8_0/exhibitor/exhibitor-details.cfm?exhid=131012-34
578,/8_0/exhibitor/exhibitor-details.cfm?exhid=8129
579,/8_0/exhibitor/exhibitor-details.cfm?exhid=212191
580,/8_0/exhibitor/exhibitor-details.cfm?exhid=131012-77
581,/8_0/exhibitor/exhibitor-details.cfm?exhid=35298-5
582,/8_0/exhibitor/exhibitor-details.cfm?exhid=7419-37
583,/8_0/exhibitor/exhibitor-details.cfm?exhid=35298-33
584,/8_0/exhibitor/exhibitor-details.cfm?exhid=118510
585,/8_0/exhibitor/exhibitor-details.cfm?exhid=S1042
586,/8_0/exhibitor/exhibitor-details.cfm?exhid=S1077
587,/8_0/exhibitor/exhibitor-details.cfm?exhid=S1089
588,/8_0/exhibitor/exhibitor-details.cfm?exhid=S1219
589,/8_0/exhibitor/exhibitor-details.cfm?exhid=131012-90
590,/8_0/exhibitor/exhibitor-details.cfm?exhid=7419-57
591,/8_0/exhibitor/exhibitor-details.cfm?exhid=35298-11
592,/8_0/exhibitor/exhibitor-details.cfm?exhid=4254-21
593,/8_0/exhibitor/exhibitor-details.cfm?exhid=7003
594,/8_0/exhibitor/exhibitor-details.cfm?exhid=301739
595,/8_0/exhibitor/exhibitor-details.cfm?exhid=305676
596,/8_0/exhibitor/exhibitor-details.cfm?exhid=1961
597,/8_0/exhibitor/exhibitor-details.cfm?exhid=131012-150
598,/8_0/exhibitor/exhibitor-details.cfm?exhid=131012-66
599,/8_0/exhibitor/exhibitor-details.cfm?exhid=S1115
600,/8_0/exhibitor/exhibitor-details.cfm?exhid=S1151
601,/8_0/exhibitor/exhibitor-details.cfm?exhid=134205
602,/8_0/exhibitor/exhibitor-details.cfm?exhid=131012-41
603,/8_0/exhibitor/exhibitor-details.cfm?exhid=301118
604,/8_0/exhibitor/exhibitor-details.cfm?exhid=305259
605,/8_0/exhibitor/exhibitor-details.cfm?exhid=257768
606,/8_0/exhibitor/exhibitor-details.cfm?exhid=35298-37
607,/8_0/exhibitor/exhibitor-details.cfm?exhid=S1235
608,/8_0/exhibitor/exhibitor-details.cfm?exhid=268764
609,/8_0/exhibitor/exhibitor-details.cfm?exhid=302723
610,/8_0/exhibitor/exhibitor-details.cfm?exhid=246290
611,/8_0/exhibitor/exhibitor-details.cfm?exhid=200648
612,/8_0/exhibitor/exhibitor-details.cfm?exhid=244329
613,/8_0/exhibitor/exhibitor-details.cfm?exhid=305414
614,/8_0/exhibitor/exhibitor-details.cfm?exhid=S1028
615,/8_0/exhibitor/exhibitor-details.cfm?exhid=301154
616,/8_0/exhibitor/exhibitor-details.cfm?exhid=29249
617,/8_0/exhibitor/exhibitor-details.cfm?exhid=7538
618,/8_0/exhibitor/exhibitor-details.cfm?exhid=1135
619,/8_0/exhibitor/exhibitor-details.cfm?exhid=121063
620,/8_0/exhibitor/exhibitor-details.cfm?exhid=301568
621,/8_0/exhibitor/exhibitor-details.cfm?exhid=S1061
622,/8_0/exhibitor/exhibitor-details.cfm?exhid=S1085
623,/8_0/exhibitor/exhibitor-details.cfm?exhid=131012-38
624,/8_0/exhibitor/exhibitor-details.cfm?exhid=S1043
625,/8_0/exhibitor/exhibitor-details.cfm?exhid=132490-28
626,/8_0/exhibitor/exhibitor-details.cfm?exhid=122975
627,/8_0/exhibitor/exhibitor-details.cfm?exhid=S1111
628,/8_0/exhibitor/exhibitor-details.cfm?exhid=301511
629,/8_0/exhibitor/exhibitor-details.cfm?exhid=305620
630,/8_0/exhibitor/exhibitor-details.cfm?exhid=S1066
631,/8_0/exhibitor/exhibitor-details.cfm?exhid=S1099
632,/8_0/exhibitor/exhibitor-details.cfm?exhid=S1267
633,/8_0/exhibitor/exhibitor-details.cfm?exhid=131012-92
634,/8_0/exhibitor/exhibitor-details.cfm?exhid=131012-115
635,/8_0/exhibitor/exhibitor-details.cfm?exhid=29898
636,/8_0/exhibitor/exhibitor-details.cfm?exhid=35298-27
637,/8_0/exhibitor/exhibitor-details.cfm?exhid=167974
638,/8_0/exhibitor/exhibitor-details.cfm?exhid=35298-14
639,/8_0/exhibitor/exhibitor-details.cfm?exhid=35298-12
640,/8_0/exhibitor/exhibitor-details.cfm?exhid=200574
641,/8_0/exhibitor/exhibitor-details.cfm?exhid=35298-25
642,/8_0/exhibitor/exhibitor-details.cfm?exhid=179789
643,/8_0/exhibitor/exhibitor-details.cfm?exhid=7352
644,/8_0/exhibitor/exhibitor-details.cfm?exhid=S1016
645,/8_0/exhibitor/exhibitor-details.cfm?exhid=26840
646,/8_0/exhibitor/exhibitor-details.cfm?exhid=35298-15
647,/8_0/exhibitor/exhibitor-details.cfm?exhid=305177
648,/8_0/exhibitor/exhibitor-details.cfm?exhid=132490-20
649,/8_0/exhibitor/exhibitor-details.cfm?exhid=35298-9
650,/8_0/exhibitor/exhibitor-details.cfm?exhid=305287
651,/8_0/exhibitor/exhibitor-details.cfm?exhid=178538
652,/8_0/exhibitor/exhibitor-details.cfm?exhid=S1127
653,/8_0/exhibitor/exhibitor-details.cfm?exhid=1147
654,/8_0/exhibitor/exhibitor-details.cfm?exhid=2329
655,/8_0/exhibitor/exhibitor-details.cfm?exhid=223418
656,/8_0/exhibitor/exhibitor-details.cfm?exhid=133749
657,/8_0/exhibitor/exhibitor-details.cfm?exhid=301484
658,/8_0/exhibitor/exhibitor-details.cfm?exhid=114085
659,/8_0/exhibitor/exhibitor-details.cfm?exhid=212932
660,/8_0/exhibitor/exhibitor-details.cfm?exhid=132490-29
661,/8_0/exhibitor/exhibitor-details.cfm?exhid=126131
662,/8_0/exhibitor/exhibitor-details.cfm?exhid=155581
663,/8_0/exhibitor/exhibitor-details.cfm?exhid=35298-7
664,/8_0/exhibitor/exhibitor-details.cfm?exhid=305783
665,/8_0/exhibitor/exhibitor-details.cfm?exhid=305412
666,/8_0/exhibitor/exhibitor-details.cfm?exhid=103044
667,/8_0/exhibitor/exhibitor-details.cfm?exhid=305423
668,/8_0/exhibitor/exhibitor-details.cfm?exhid=131438
669,/8_0/exhibitor/exhibitor-details.cfm?exhid=268870
670,/8_0/exhibitor/exhibitor-details.cfm?exhid=S1279
671,/8_0/exhibitor/exhibitor-details.cfm?exhid=246544
672,/8_0/exhibitor/exhibitor-details.cfm?exhid=301600
673,/8_0/exhibitor/exhibitor-details.cfm?exhid=S1275
674,/8_0/exhibitor/exhibitor-details.cfm?exhid=268801
675,/8_0/exhibitor/exhibitor-details.cfm?exhid=4254-28
676,/8_0/exhibitor/exhibitor-details.cfm?exhid=38978
677,/8_0/exhibitor/exhibitor-details.cfm?exhid=105650
678,/8_0/exhibitor/exhibitor-details.cfm?exhid=S1101
679,/8_0/exhibitor/exhibitor-details.cfm?exhid=S1278
680,/8_0/exhibitor/exhibitor-details.cfm?exhid=S1294
681,/8_0/exhibitor/exhibitor-details.cfm?exhid=S1177
682,/8_0/exhibitor/exhibitor-details.cfm?exhid=301172
683,/8_0/exhibitor/exhibitor-details.cfm?exhid=305251
684,/8_0/exhibitor/exhibitor-details.cfm?exhid=212727
685,/8_0/exhibitor/exhibitor-details.cfm?exhid=301131
686,/8_0/exhibitor/exhibitor-details.cfm?exhid=301539
687,/8_0/exhibitor/exhibitor-details.cfm?exhid=S1048
688,/8_0/exhibitor/exhibitor-details.cfm?exhid=305664
689,/8_0/exhibitor/exhibitor-details.cfm?exhid=245332
690,/8_0/exhibitor/exhibitor-details.cfm?exhid=302728
691,/8_0/exhibitor/exhibitor-details.cfm?exhid=7419-26
692,/8_0/exhibitor/exhibitor-details.cfm?exhid=S1207
693,/8_0/exhibitor/exhibitor-details.cfm?exhid=7419
694,/8_0/exhibitor/exhibitor-details.cfm?exhid=131012-91
695,/8_0/exhibitor/exhibitor-details.cfm?exhid=S1065
696,/8_0/exhibitor/exhibitor-details.cfm?exhid=131012-51
697,/8_0/exhibitor/exhibitor-details.cfm?exhid=7419-55
698,/8_0/exhibitor/exhibitor-details.cfm?exhid=156190
699,/8_0/exhibitor/exhibitor-details.cfm?exhid=S1078
700,/8_0/exhibitor/exhibitor-details.cfm?exhid=100595
701,/8_0/exhibitor/exhibitor-details.cfm?exhid=4254-3
702,/8_0/exhibitor/exhibitor-details.cfm?exhid=301624
703,/8_0/exhibitor/exhibitor-details.cfm?exhid=257738
704,/8_0/exhibitor/exhibitor-details.cfm?exhid=7548
705,/8_0/exhibitor/exhibitor-details.cfm?exhid=131012-123
706,/8_0/exhibitor/exhibitor-details.cfm?exhid=2182
707,/8_0/exhibitor/exhibitor-details.cfm?exhid=S1341
708,/8_0/exhibitor/exhibitor-details.cfm?exhid=7419-39
709,/8_0/exhibitor/exhibitor-details.cfm?exhid=123276
710,/8_0/exhibitor/exhibitor-details.cfm?exhid=168129
711,/8_0/exhibitor/exhibitor-details.cfm?exhid=258170
712,/8_0/exhibitor/exhibitor-details.cfm?exhid=S1282
713,/8_0/exhibitor/exhibitor-details.cfm?exhid=135113
714,/8_0/exhibitor/exhibitor-details.cfm?exhid=131012-24
715,/8_0/exhibitor/exhibitor-details.cfm?exhid=4254-37
716,/8_0/exhibitor/exhibitor-details.cfm?exhid=3924
717,/8_0/exhibitor/exhibitor-details.cfm?exhid=246319
718,/8_0/exhibitor/exhibitor-details.cfm?exhid=112492
719,/8_0/exhibitor/exhibitor-details.cfm?exhid=S1054
720,/8_0/exhibitor/exhibitor-details.cfm?exhid=S1083
721,/8_0/exhibitor/exhibitor-details.cfm?exhid=S1210
722,/8_0/exhibitor/exhibitor-details.cfm?exhid=301112
723,/8_0/exhibitor/exhibitor-details.cfm?exhid=132490-5
724,/8_0/exhibitor/exhibitor-details.cfm?exhid=S1056
725,/8_0/exhibitor/exhibitor-details.cfm?exhid=S1030
726,/8_0/exhibitor/exhibitor-details.cfm?exhid=S1220
727,/8_0/exhibitor/exhibitor-details.cfm?exhid=100085
728,/8_0/exhibitor/exhibitor-details.cfm?exhid=131012-65
729,/8_0/exhibitor/exhibitor-details.cfm?exhid=305795
730,/8_0/exhibitor/exhibitor-details.cfm?exhid=28290
731,/8_0/exhibitor/exhibitor-details.cfm?exhid=305879
732,/8_0/exhibitor/exhibitor-details.cfm?exhid=41835
733,/8_0/exhibitor/exhibitor-details.cfm?exhid=301119
734,/8_0/exhibitor/exhibitor-details.cfm?exhid=179876
735,/8_0/exhibitor/exhibitor-details.cfm?exhid=301258
736,/8_0/exhibitor/exhibitor-details.cfm?exhid=305258
737,/8_0/exhibitor/exhibitor-details.cfm?exhid=201128
738,/8_0/exhibitor/exhibitor-details.cfm?exhid=305711
739,/8_0/exhibitor/exhibitor-details.cfm?exhid=212182
740,/8_0/exhibitor/exhibitor-details.cfm?exhid=244288
741,/8_0/exhibitor/exhibitor-details.cfm?exhid=7419-27
742,/8_0/exhibitor/exhibitor-details.cfm?exhid=124061
743,/8_0/exhibitor/exhibitor-details.cfm?exhid=7419-1
744,/8_0/exhibitor/exhibitor-details.cfm?exhid=S1300
745,/8_0/exhibitor/exhibitor-details.cfm?exhid=121448
746,/8_0/exhibitor/exhibitor-details.cfm?exhid=4254-18
747,/8_0/exhibitor/exhibitor-details.cfm?exhid=102983
748,/8_0/exhibitor/exhibitor-details.cfm?exhid=100717
749,/8_0/exhibitor/exhibitor-details.cfm?exhid=S1015
750,/8_0/exhibitor/exhibitor-details.cfm?exhid=145314
751,/8_0/exhibitor/exhibitor-details.cfm?exhid=35298-26
752,/8_0/exhibitor/exhibitor-details.cfm?exhid=1128
753,/8_0/exhibitor/exhibitor-details.cfm?exhid=114962
754,/8_0/exhibitor/exhibitor-details.cfm?exhid=178481
755,/8_0/exhibitor/exhibitor-details.cfm?exhid=S1039
756,/8_0/exhibitor/exhibitor-details.cfm?exhid=37058
757,/8_0/exhibitor/exhibitor-details.cfm?exhid=35298-35
758,/8_0/exhibitor/exhibitor-details.cfm?exhid=105852
759,/8_0/exhibitor/exhibitor-details.cfm?exhid=33230
760,/8_0/exhibitor/exhibitor-details.cfm?exhid=1476
761,/8_0/exhibitor/exhibitor-details.cfm?exhid=S1128
762,/8_0/exhibitor/exhibitor-details.cfm?exhid=S1243
763,/8_0/exhibitor/exhibitor-details.cfm?exhid=132316
764,/8_0/exhibitor/exhibitor-details.cfm?exhid=178332
765,/8_0/exhibitor/exhibitor-details.cfm?exhid=133142
766,/8_0/exhibitor/exhibitor-details.cfm?exhid=301505
767,/8_0/exhibitor/exhibitor-details.cfm?exhid=35298-10
768,/8_0/exhibitor/exhibitor-details.cfm?exhid=301138
769,/8_0/exhibitor/exhibitor-details.cfm?exhid=212564
770,/8_0/exhibitor/exhibitor-details.cfm?exhid=127024
771,/8_0/exhibitor/exhibitor-details.cfm?exhid=132490-11
772,/8_0/exhibitor/exhibitor-details.cfm?exhid=S1018
773,/8_0/exhibitor/exhibitor-details.cfm?exhid=S1021
774,/8_0/exhibitor/exhibitor-details.cfm?exhid=S1010
775,/8_0/exhibitor/exhibitor-details.cfm?exhid=S1327
776,/8_0/exhibitor/exhibitor-details.cfm?exhid=302520
777,/8_0/exhibitor/exhibitor-details.cfm?exhid=133551
778,/8_0/exhibitor/exhibitor-details.cfm?exhid=301155
779,/8_0/exhibitor/exhibitor-details.cfm?exhid=S1305
780,/8_0/exhibitor/exhibitor-details.cfm?exhid=4254-13
781,/8_0/exhibitor/exhibitor-details.cfm?exhid=305166
782,/8_0/exhibitor/exhibitor-details.cfm?exhid=8986
783,/8_0/exhibitor/exhibitor-details.cfm?exhid=120101
784,/8_0/exhibitor/exhibitor-details.cfm?exhid=35298-45
785,/8_0/exhibitor/exhibitor-details.cfm?exhid=117516
786,/8_0/exhibitor/exhibitor-details.cfm?exhid=301696
787,/8_0/exhibitor/exhibitor-details.cfm?exhid=S1281
788,/8_0/exhibitor/exhibitor-details.cfm?exhid=S1118
789,/8_0/exhibitor/exhibitor-details.cfm?exhid=301583
790,/8_0/exhibitor/exhibitor-details.cfm?exhid=S1304
791,/8_0/exhibitor/exhibitor-details.cfm?exhid=268818
792,/8_0/exhibitor/exhibitor-details.cfm?exhid=132150
793,/8_0/exhibitor/exhibitor-details.cfm?exhid=157446
794,/8_0/exhibitor/exhibitor-details.cfm?exhid=245808
795,/8_0/exhibitor/exhibitor-details.cfm?exhid=268587
796,/8_0/exhibitor/exhibitor-details.cfm?exhid=S1019
797,/8_0/exhibitor/exhibitor-details.cfm?exhid=S1306
798,/8_0/exhibitor/exhibitor-details.cfm?exhid=8142
799,/8_0/exhibitor/exhibitor-details.cfm?exhid=247074
800,/8_0/exhibitor/exhibitor-details.cfm?exhid=302759
801,/8_0/exhibitor/exhibitor-details.cfm?exhid=33067
802,/8_0/exhibitor/exhibitor-details.cfm?exhid=S1023
803,/8_0/exhibitor/exhibitor-details.cfm?exhid=305374
804,/8_0/exhibitor/exhibitor-details.cfm?exhid=7625
805,/8_0/exhibitor/exhibitor-details.cfm?exhid=246116
806,/8_0/exhibitor/exhibitor-details.cfm?exhid=35298
807,/8_0/exhibitor/exhibitor-details.cfm?exhid=132490-10
808,/8_0/exhibitor/exhibitor-details.cfm?exhid=305358
809,/8_0/exhibitor/exhibitor-details.cfm?exhid=4254-36
810,/8_0/exhibitor/exhibitor-details.cfm?exhid=122962
811,/8_0/exhibitor/exhibitor-details.cfm?exhid=100387
812,/8_0/exhibitor/exhibitor-details.cfm?exhid=4446
813,/8_0/exhibitor/exhibitor-details.cfm?exhid=S1261
814,/8_0/exhibitor/exhibitor-details.cfm?exhid=168153
815,/8_0/exhibitor/exhibitor-details.cfm?exhid=4254-38
816,/8_0/exhibitor/exhibitor-details.cfm?exhid=S1052
817,/8_0/exhibitor/exhibitor-details.cfm?exhid=S1082
818,/8_0/exhibitor/exhibitor-details.cfm?exhid=131012-96
819,/8_0/exhibitor/exhibitor-details.cfm?exhid=244924
820,/8_0/exhibitor/exhibitor-details.cfm?exhid=7419-19
821,/8_0/exhibitor/exhibitor-details.cfm?exhid=3333-5
822,/8_0/exhibitor/exhibitor-details.cfm?exhid=33898
823,/8_0/exhibitor/exhibitor-details.cfm?exhid=133935
824,/8_0/exhibitor/exhibitor-details.cfm?exhid=26511
825,/8_0/exhibitor/exhibitor-details.cfm?exhid=131012-111
826,/8_0/exhibitor/exhibitor-details.cfm?exhid=28411
827,/8_0/exhibitor/exhibitor-details.cfm?exhid=S1271
828,/8_0/exhibitor/exhibitor-details.cfm?exhid=127979
829,/8_0/exhibitor/exhibitor-details.cfm?exhid=7160
830,/8_0/exhibitor/exhibitor-details.cfm?exhid=S1262
831,/8_0/exhibitor/exhibitor-details.cfm?exhid=105211
832,/8_0/exhibitor/exhibitor-details.cfm?exhid=S1265
833,/8_0/exhibitor/exhibitor-details.cfm?exhid=178783
834,/8_0/exhibitor/exhibitor-details.cfm?exhid=301173
835,/8_0/exhibitor/exhibitor-details.cfm?exhid=35338
836,/8_0/exhibitor/exhibitor-details.cfm?exhid=131012-129
837,/8_0/exhibitor/exhibitor-details.cfm?exhid=100943
838,/8_0/exhibitor/exhibitor-details.cfm?exhid=S1067
839,/8_0/exhibitor/exhibitor-details.cfm?exhid=111295
840,/8_0/exhibitor/exhibitor-details.cfm?exhid=S1049
841,/8_0/exhibitor/exhibitor-details.cfm?exhid=S1080
842,/8_0/exhibitor/exhibitor-details.cfm?exhid=S1073
843,/8_0/exhibitor/exhibitor-details.cfm?exhid=S1090
844,/8_0/exhibitor/exhibitor-details.cfm?exhid=131012-74
845,/8_0/exhibitor/exhibitor-details.cfm?exhid=129634
846,/8_0/exhibitor/exhibitor-details.cfm?exhid=246542
847,/8_0/exhibitor/exhibitor-details.cfm?exhid=305186
848,/8_0/exhibitor/exhibitor-details.cfm?exhid=S1283
849,/8_0/exhibitor/exhibitor-details.cfm?exhid=S1072
850,/8_0/exhibitor/exhibitor-details.cfm?exhid=S1087
851,/8_0/exhibitor/exhibitor-details.cfm?exhid=S1044
852,/8_0/exhibitor/exhibitor-details.cfm?exhid=1188
853,/8_0/exhibitor/exhibitor-details.cfm?exhid=133606
854,/8_0/exhibitor/exhibitor-details.cfm?exhid=1984
855,/8_0/exhibitor/exhibitor-details.cfm?exhid=105540
856,/8_0/exhibitor/exhibitor-details.cfm?exhid=155978
857,/8_0/exhibitor/exhibitor-details.cfm?exhid=223122
858,/8_0/exhibitor/exhibitor-details.cfm?exhid=301358
859,/8_0/exhibitor/exhibitor-details.cfm?exhid=S1103
860,/8_0/exhibitor/exhibitor-details.cfm?exhid=4221
861,/8_0/exhibitor/exhibitor-details.cfm?exhid=S1339
862,/8_0/exhibitor/exhibitor-details.cfm?exhid=117720
863,/8_0/exhibitor/exhibitor-details.cfm?exhid=1342
864,/8_0/exhibitor/exhibitor-details.cfm?exhid=116374
865,/8_0/exhibitor/exhibitor-details.cfm?exhid=S1190
866,/8_0/exhibitor/exhibitor-details.cfm?exhid=301133
867,/8_0/exhibitor/exhibitor-details.cfm?exhid=305336
868,/8_0/exhibitor/exhibitor-details.cfm?exhid=3324
869,/8_0/exhibitor/exhibitor-details.cfm?exhid=246751
870,/8_0/exhibitor/exhibitor-details.cfm?exhid=301662
871,/8_0/exhibitor/exhibitor-details.cfm?exhid=305775
872,/8_0/exhibitor/exhibitor-details.cfm?exhid=S1131
873,/8_0/exhibitor/exhibitor-details.cfm?exhid=131839
874,/8_0/exhibitor/exhibitor-details.cfm?exhid=190093
875,/8_0/exhibitor/exhibitor-details.cfm?exhid=246679
876,/8_0/exhibitor/exhibitor-details.cfm?exhid=2322
877,/8_0/exhibitor/exhibitor-details.cfm?exhid=7450
878,/8_0/exhibitor/exhibitor-details.cfm?exhid=S1143
879,/8_0/exhibitor/exhibitor-details.cfm?exhid=S1187
880,/8_0/exhibitor/exhibitor-details.cfm?exhid=130090
881,/8_0/exhibitor/exhibitor-details.cfm?exhid=102290
882,/8_0/exhibitor/exhibitor-details.cfm?exhid=301306
883,/8_0/exhibitor/exhibitor-details.cfm?exhid=131012-52
884,/8_0/exhibitor/exhibitor-details.cfm?exhid=301603
885,/8_0/exhibitor/exhibitor-details.cfm?exhid=131012-23
886,/8_0/exhibitor/exhibitor-details.cfm?exhid=212165
887,/8_0/exhibitor/exhibitor-details.cfm?exhid=132553
888,/8_0/exhibitor/exhibitor-details.cfm?exhid=305517
889,/8_0/exhibitor/exhibitor-details.cfm?exhid=157815
890,/8_0/exhibitor/exhibitor-details.cfm?exhid=35298-32
891,/8_0/exhibitor/exhibitor-details.cfm?exhid=125164
892,/8_0/exhibitor/exhibitor-details.cfm?exhid=1632
893,/8_0/exhibitor/exhibitor-details.cfm?exhid=1696
894,/8_0/exhibitor/exhibitor-details.cfm?exhid=5595
895,/8_0/exhibitor/exhibitor-details.cfm?exhid=S1208
896,/8_0/exhibitor/exhibitor-details.cfm?exhid=S1059
897,/8_0/exhibitor/exhibitor-details.cfm?exhid=4254-2
898,/8_0/exhibitor/exhibitor-details.cfm?exhid=11065
899,/8_0/exhibitor/exhibitor-details.cfm?exhid=305425
900,/8_0/exhibitor/exhibitor-details.cfm?exhid=131012-159
901,/8_0/exhibitor/exhibitor-details.cfm?exhid=1832
902,/8_0/exhibitor/exhibitor-details.cfm?exhid=305737
903,/8_0/exhibitor/exhibitor-details.cfm?exhid=35298-43
904,/8_0/exhibitor/exhibitor-details.cfm?exhid=103808
905,/8_0/exhibitor/exhibitor-details.cfm?exhid=302010
906,/8_0/exhibitor/exhibitor-details.cfm?exhid=25822
907,/8_0/exhibitor/exhibitor-details.cfm?exhid=S1325
908,/8_0/exhibitor/exhibitor-details.cfm?exhid=S1192
909,/8_0/exhibitor/exhibitor-details.cfm?exhid=246992
910,/8_0/exhibitor/exhibitor-details.cfm?exhid=1510
911,/8_0/exhibitor/exhibitor-details.cfm?exhid=244045
912,/8_0/exhibitor/exhibitor-details.cfm?exhid=301998
913,/8_0/exhibitor/exhibitor-details.cfm?exhid=212797
914,/8_0/exhibitor/exhibitor-details.cfm?exhid=S1029
915,/8_0/exhibitor/exhibitor-details.cfm?exhid=114077
916,/8_0/exhibitor/exhibitor-details.cfm?exhid=131012-18
917,/8_0/exhibitor/exhibitor-details.cfm?exhid=S1259
918,/8_0/exhibitor/exhibitor-details.cfm?exhid=211476
919,/8_0/exhibitor/exhibitor-details.cfm?exhid=S1255
920,/8_0/exhibitor/exhibitor-details.cfm?exhid=4541
921,/8_0/exhibitor/exhibitor-details.cfm?exhid=S1247
922,/8_0/exhibitor/exhibitor-details.cfm?exhid=1207
923,/8_0/exhibitor/exhibitor-details.cfm?exhid=36304
924,/8_0/exhibitor/exhibitor-details.cfm?exhid=1245
925,/8_0/exhibitor/exhibitor-details.cfm?exhid=179748
926,/8_0/exhibitor/exhibitor-details.cfm?exhid=133982
927,/8_0/exhibitor/exhibitor-details.cfm?exhid=4254-25
928,/8_0/exhibitor/exhibitor-details.cfm?exhid=131012-107
929,/8_0/exhibitor/exhibitor-details.cfm?exhid=301868
930,/8_0/exhibitor/exhibitor-details.cfm?exhid=29477
931,/8_0/exhibitor/exhibitor-details.cfm?exhid=S1286
932,/8_0/exhibitor/exhibitor-details.cfm?exhid=31149
933,/8_0/exhibitor/exhibitor-details.cfm?exhid=301447
934,/8_0/exhibitor/exhibitor-details.cfm?exhid=S1104
935,/8_0/exhibitor/exhibitor-details.cfm?exhid=132490-3
936,/8_0/exhibitor/exhibitor-details.cfm?exhid=38363
937,/8_0/exhibitor/exhibitor-details.cfm?exhid=129615
938,/8_0/exhibitor/exhibitor-details.cfm?exhid=S1051
939,/8_0/exhibitor/exhibitor-details.cfm?exhid=S1081
940,/8_0/exhibitor/exhibitor-details.cfm?exhid=305777
941,/8_0/exhibitor/exhibitor-details.cfm?exhid=301646
942,/8_0/exhibitor/exhibitor-details.cfm?exhid=122848
943,/8_0/exhibitor/exhibitor-details.cfm?exhid=104405
944,/8_0/exhibitor/exhibitor-details.cfm?exhid=S1110
945,/8_0/exhibitor/exhibitor-details.cfm?exhid=31430
946,/8_0/exhibitor/exhibitor-details.cfm?exhid=S1006
947,/8_0/exhibitor/exhibitor-details.cfm?exhid=306206
948,/8_0/exhibitor/exhibitor-details.cfm?exhid=157440
949,/8_0/exhibitor/exhibitor-details.cfm?exhid=106592
950,/8_0/exhibitor/exhibitor-details.cfm?exhid=S1133
951,/8_0/exhibitor/exhibitor-details.cfm?exhid=201052
952,/8_0/exhibitor/exhibitor-details.cfm?exhid=8124
953,/8_0/exhibitor/exhibitor-details.cfm?exhid=104838
954,/8_0/exhibitor/exhibitor-details.cfm?exhid=246398
955,/8_0/exhibitor/exhibitor-details.cfm?exhid=301191
956,/8_0/exhibitor/exhibitor-details.cfm?exhid=301501
957,/8_0/exhibitor/exhibitor-details.cfm?exhid=123690
958,/8_0/exhibitor/exhibitor-details.cfm?exhid=305792
959,/8_0/exhibitor/exhibitor-details.cfm?exhid=301347
960,/8_0/exhibitor/exhibitor-details.cfm?exhid=1429
961,/8_0/exhibitor/exhibitor-details.cfm?exhid=35298-30
962,/8_0/exhibitor/exhibitor-details.cfm?exhid=131012-173
963,/8_0/exhibitor/exhibitor-details.cfm?exhid=131012-47
964,/8_0/exhibitor/exhibitor-details.cfm?exhid=131012-125
965,/8_0/exhibitor/exhibitor-details.cfm?exhid=7419-20
966,/8_0/exhibitor/exhibitor-details.cfm?exhid=131012-146
967,/8_0/exhibitor/exhibitor-details.cfm?exhid=S1174
968,/8_0/exhibitor/exhibitor-details.cfm?exhid=131012-137
969,/8_0/exhibitor/exhibitor-details.cfm?exhid=131012-25
970,/8_0/exhibitor/exhibitor-details.cfm?exhid=131012-134
971,/8_0/exhibitor/exhibitor-details.cfm?exhid=305460
972,/8_0/exhibitor/exhibitor-details.cfm?exhid=3199
973,/8_0/exhibitor/exhibitor-details.cfm?exhid=131012-72
974,/8_0/exhibitor/exhibitor-details.cfm?exhid=S1289
975,/8_0/exhibitor/exhibitor-details.cfm?exhid=131660
976,/8_0/exhibitor/exhibitor-details.cfm?exhid=2009
977,/8_0/exhibitor/exhibitor-details.cfm?exhid=134344
978,/8_0/exhibitor/exhibitor-details.cfm?exhid=246160
979,/8_0/exhibitor/exhibitor-details.cfm?exhid=132016
980,/8_0/exhibitor/exhibitor-details.cfm?exhid=3709
981,/8_0/exhibitor/exhibitor-details.cfm?exhid=244622
982,/8_0/exhibitor/exhibitor-details.cfm?exhid=305954
983,/8_0/exhibitor/exhibitor-details.cfm?exhid=7419-32
984,/8_0/exhibitor/exhibitor-details.cfm?exhid=35298-1
985,/8_0/exhibitor/exhibitor-details.cfm?exhid=134463
986,/8_0/exhibitor/exhibitor-details.cfm?exhid=S1026
987,/8_0/exhibitor/exhibitor-details.cfm?exhid=S1335
988,/8_0/exhibitor/exhibitor-details.cfm?exhid=131012-158
989,/8_0/exhibitor/exhibitor-details.cfm?exhid=S1105
990,/8_0/exhibitor/exhibitor-details.cfm?exhid=35298-4
991,/8_0/exhibitor/exhibitor-details.cfm?exhid=301727
992,/8_0/exhibitor/exhibitor-details.cfm?exhid=S1122
993,/8_0/exhibitor/exhibitor-details.cfm?exhid=S1242
994,/8_0/exhibitor/exhibitor-details.cfm?exhid=S1245
995,/8_0/exhibitor/exhibitor-details.cfm?exhid=302747
996,/8_0/exhibitor/exhibitor-details.cfm?exhid=S1009
997,/8_0/exhibitor/exhibitor-details.cfm?exhid=300081
998,/8_0/exhibitor/exhibitor-details.cfm?exhid=306001
999,/8_0/exhibitor/exhibitor-details.cfm?exhid=39174
1000,/8_0/exhibitor/exhibitor-details.cfm?exhid=35544
1001,/8_0/exhibitor/exhibitor-details.cfm?exhid=179059
1002,/8_0/exhibitor/exhibitor-details.cfm?exhid=S1310
1003,/8_0/exhibitor/exhibitor-details.cfm?exhid=S1106
1004,/8_0/exhibitor/exhibitor-details.cfm?exhid=103636
1005,/8_0/exhibitor/exhibitor-details.cfm?exhid=S1303
1006,/8_0/exhibitor/exhibitor-details.cfm?exhid=245890
1007,/8_0/exhibitor/exhibitor-details.cfm?exhid=130873
1008,/8_0/exhibitor/exhibitor-details.cfm?exhid=302526
1009,/8_0/exhibitor/exhibitor-details.cfm?exhid=247566
1010,/8_0/exhibitor/exhibitor-details.cfm?exhid=S1221
1011,/8_0/exhibitor/exhibitor-details.cfm?exhid=131012-166
1012,/8_0/exhibitor/exhibitor-details.cfm?exhid=4254-22
1013,/8_0/exhibitor/exhibitor-details.cfm?exhid=301524
1014,/8_0/exhibitor/exhibitor-details.cfm?exhid=36811
1015,/8_0/exhibitor/exhibitor-details.cfm?exhid=28073
1016,/8_0/exhibitor/exhibitor-details.cfm?exhid=38446
1017,/8_0/exhibitor/exhibitor-details.cfm?exhid=178600
1018,/8_0/exhibitor/exhibitor-details.cfm?exhid=35298-20
1019,/8_0/exhibitor/exhibitor-details.cfm?exhid=1221
1020,/8_0/exhibitor/exhibitor-details.cfm?exhid=244322
1021,/8_0/exhibitor/exhibitor-details.cfm?exhid=305313
1022,/8_0/exhibitor/exhibitor-details.cfm?exhid=124743
1023,/8_0/exhibitor/exhibitor-details.cfm?exhid=124839
1024,/8_0/exhibitor/exhibitor-details.cfm?exhid=128597
1025,/8_0/exhibitor/exhibitor-details.cfm?exhid=1962
1026,/8_0/exhibitor/exhibitor-details.cfm?exhid=301530
1027,/8_0/exhibitor/exhibitor-details.cfm?exhid=101633
1028,/8_0/exhibitor/exhibitor-details.cfm?exhid=157241
1029,/8_0/exhibitor/exhibitor-details.cfm?exhid=S1321
1030,/8_0/exhibitor/exhibitor-details.cfm?exhid=179275
1031,/8_0/exhibitor/exhibitor-details.cfm?exhid=302356
1032,/8_0/exhibitor/exhibitor-details.cfm?exhid=178626
1033,/8_0/exhibitor/exhibitor-details.cfm?exhid=305518
1034,/8_0/exhibitor/exhibitor-details.cfm?exhid=10939
1035,/8_0/exhibitor/exhibitor-details.cfm?exhid=131012-155
1036,/8_0/exhibitor/exhibitor-details.cfm?exhid=S1227
1037,/8_0/exhibitor/exhibitor-details.cfm?exhid=S1342
1038,/8_0/exhibitor/exhibitor-details.cfm?exhid=305558
1039,/8_0/exhibitor/exhibitor-details.cfm?exhid=301246
1040,/8_0/exhibitor/exhibitor-details.cfm?exhid=302205
1041,/8_0/exhibitor/exhibitor-details.cfm?exhid=245896
1042,/8_0/exhibitor/exhibitor-details.cfm?exhid=7467
1043,/8_0/exhibitor/exhibitor-details.cfm?exhid=304777
1044,/8_0/exhibitor/exhibitor-details.cfm?exhid=305387
1045,/8_0/exhibitor/exhibitor-details.cfm?exhid=305511
1046,/8_0/exhibitor/exhibitor-details.cfm?exhid=212635
1047,/8_0/exhibitor/exhibitor-details.cfm?exhid=132490-27
1048,/8_0/exhibitor/exhibitor-details.cfm?exhid=303046
1049,/8_0/exhibitor/exhibitor-details.cfm?exhid=5599
1050,/8_0/exhibitor/exhibitor-details.cfm?exhid=119243
1051,/8_0/exhibitor/exhibitor-details.cfm?exhid=7419-14
1052,/8_0/exhibitor/exhibitor-details.cfm?exhid=302515
1053,/8_0/exhibitor/exhibitor-details.cfm?exhid=7778
1054,/8_0/exhibitor/exhibitor-details.cfm?exhid=132493
1055,/8_0/exhibitor/exhibitor-details.cfm?exhid=212858
1056,/8_0/exhibitor/exhibitor-details.cfm?exhid=S1167
1057,/8_0/exhibitor/exhibitor-details.cfm?exhid=S1266
1058,/8_0/exhibitor/exhibitor-details.cfm?exhid=S1204
1059,/8_0/exhibitor/exhibitor-details.cfm?exhid=S1100
1060,/8_0/exhibitor/exhibitor-details.cfm?exhid=134888
1061,/8_0/exhibitor/exhibitor-details.cfm?exhid=35298-42
1062,/8_0/exhibitor/exhibitor-details.cfm?exhid=35298-36
1063,/8_0/exhibitor/exhibitor-details.cfm?exhid=302838
1064,/8_0/exhibitor/exhibitor-details.cfm?exhid=4254-34
1065,/8_0/exhibitor/exhibitor-details.cfm?exhid=7419-22
1066,/8_0/exhibitor/exhibitor-details.cfm?exhid=4254-41
1067,/8_0/exhibitor/exhibitor-details.cfm?exhid=121877
1068,/8_0/exhibitor/exhibitor-details.cfm?exhid=7419-31
1069,/8_0/exhibitor/exhibitor-details.cfm?exhid=3682
1070,/8_0/exhibitor/exhibitor-details.cfm?exhid=305666
1071,/8_0/exhibitor/exhibitor-details.cfm?exhid=103207
1072,/8_0/exhibitor/exhibitor-details.cfm?exhid=S1159
1073,/8_0/exhibitor/exhibitor-details.cfm?exhid=156764
1074,/8_0/exhibitor/exhibitor-details.cfm?exhid=S1309
1075,/8_0/exhibitor/exhibitor-details.cfm?exhid=35298-3
1076,/8_0/exhibitor/exhibitor-details.cfm?exhid=301470
1077,/8_0/exhibitor/exhibitor-details.cfm?exhid=S1308
1078,/8_0/exhibitor/exhibitor-details.cfm?exhid=131012-35
1079,/8_0/exhibitor/exhibitor-details.cfm?exhid=305600
1080,/8_0/exhibitor/exhibitor-details.cfm?exhid=29732
1081,/8_0/exhibitor/exhibitor-details.cfm?exhid=200774
1082,/8_0/exhibitor/exhibitor-details.cfm?exhid=S1145
1083,/8_0/exhibitor/exhibitor-details.cfm?exhid=S1320
1084,/8_0/exhibitor/exhibitor-details.cfm?exhid=33162
1085,/8_0/exhibitor/exhibitor-details.cfm?exhid=133649
1086,/8_0/exhibitor/exhibitor-details.cfm?exhid=131012-105
1087,/8_0/exhibitor/exhibitor-details.cfm?exhid=130598
1088,/8_0/exhibitor/exhibitor-details.cfm?exhid=S1307
1089,/8_0/exhibitor/exhibitor-details.cfm?exhid=268552
1090,/8_0/exhibitor/exhibitor-details.cfm?exhid=27718
1091,/8_0/exhibitor/exhibitor-details.cfm?exhid=305204
1092,/8_0/exhibitor/exhibitor-details.cfm?exhid=134757
1093,/8_0/exhibitor/exhibitor-details.cfm?exhid=27724
1094,/8_0/exhibitor/exhibitor-details.cfm?exhid=132490-13
1095,/8_0/exhibitor/exhibitor-details.cfm?exhid=4254-42
1096,/8_0/exhibitor/exhibitor-details.cfm?exhid=4435
1097,/8_0/exhibitor/exhibitor-details.cfm?exhid=105284
1098,/8_0/exhibitor/exhibitor-details.cfm?exhid=39702
1099,/8_0/exhibitor/exhibitor-details.cfm?exhid=S1169
1100,/8_0/exhibitor/exhibitor-details.cfm?exhid=7102
1101,/8_0/exhibitor/exhibitor-details.cfm?exhid=7419-18
1102,/8_0/exhibitor/exhibitor-details.cfm?exhid=114181
1103,/8_0/exhibitor/exhibitor-details.cfm?exhid=4254-1
1104,/8_0/exhibitor/exhibitor-details.cfm?exhid=S1223
1105,/8_0/exhibitor/exhibitor-details.cfm?exhid=155645
1106,/8_0/exhibitor/exhibitor-details.cfm?exhid=S1154
1107,/8_0/exhibitor/exhibitor-details.cfm?exhid=131012-113
1108,/8_0/exhibitor/exhibitor-details.cfm?exhid=35773
1109,/8_0/exhibitor/exhibitor-details.cfm?exhid=4254-4
1110,/8_0/exhibitor/exhibitor-details.cfm?exhid=4254-29
1111,/8_0/exhibitor/exhibitor-details.cfm?exhid=10484
1112,/8_0/exhibitor/exhibitor-details.cfm?exhid=134762
1113,/8_0/exhibitor/exhibitor-details.cfm?exhid=301185
1114,/8_0/exhibitor/exhibitor-details.cfm?exhid=3417
1115,/8_0/exhibitor/exhibitor-details.cfm?exhid=131012-54
1116,/8_0/exhibitor/exhibitor-details.cfm?exhid=131012-121
1117,/8_0/exhibitor/exhibitor-details.cfm?exhid=131012-151
1118,/8_0/exhibitor/exhibitor-details.cfm?exhid=131012-103
1119,/8_0/exhibitor/exhibitor-details.cfm?exhid=131012-32
1120,/8_0/exhibitor/exhibitor-details.cfm?exhid=131012-8
1121,/8_0/exhibitor/exhibitor-details.cfm?exhid=131012-114
1122,/8_0/exhibitor/exhibitor-details.cfm?exhid=131012-64
1123,/8_0/exhibitor/exhibitor-details.cfm?exhid=131012-48
1124,/8_0/exhibitor/exhibitor-details.cfm?exhid=131012-55
1125,/8_0/exhibitor/exhibitor-details.cfm?exhid=131012-157
1126,/8_0/exhibitor/exhibitor-details.cfm?exhid=131012-97
1127,/8_0/exhibitor/exhibitor-details.cfm?exhid=7419-5
1128,/8_0/exhibitor/exhibitor-details.cfm?exhid=301622
1129,/8_0/exhibitor/exhibitor-details.cfm?exhid=131947
1130,/8_0/exhibitor/exhibitor-details.cfm?exhid=131012-130
1131,/8_0/exhibitor/exhibitor-details.cfm?exhid=7419-21
1132,/8_0/exhibitor/exhibitor-details.cfm?exhid=305430
1133,/8_0/exhibitor/exhibitor-details.cfm?exhid=131012-139
1134,/8_0/exhibitor/exhibitor-details.cfm?exhid=4477
1135,/8_0/exhibitor/exhibitor-details.cfm?exhid=131012-143
1136,/8_0/exhibitor/exhibitor-details.cfm?exhid=134772
1137,/8_0/exhibitor/exhibitor-details.cfm?exhid=S1254
1138,/8_0/exhibitor/exhibitor-details.cfm?exhid=119023
1139,/8_0/exhibitor/exhibitor-details.cfm?exhid=179257
1140,/8_0/exhibitor/exhibitor-details.cfm?exhid=118861
1141,/8_0/exhibitor/exhibitor-details.cfm?exhid=131012-145
1142,/8_0/exhibitor/exhibitor-details.cfm?exhid=S1152
1143,/8_0/exhibitor/exhibitor-details.cfm?exhid=156860
1144,/8_0/exhibitor/exhibitor-details.cfm?exhid=S1256
1145,/8_0/exhibitor/exhibitor-details.cfm?exhid=131012-45
1146,/8_0/exhibitor/exhibitor-details.cfm?exhid=S1334
1147,/8_0/exhibitor/exhibitor-details.cfm?exhid=212940
1148,/8_0/exhibitor/exhibitor-details.cfm?exhid=S1263
1149,/8_0/exhibitor/exhibitor-details.cfm?exhid=7419-59
1150,/8_0/exhibitor/exhibitor-details.cfm?exhid=7800
1151,/8_0/exhibitor/exhibitor-details.cfm?exhid=134536
1152,/8_0/exhibitor/exhibitor-details.cfm?exhid=S1222
1153,/8_0/exhibitor/exhibitor-details.cfm?exhid=S1107
1154,/8_0/exhibitor/exhibitor-details.cfm?exhid=38702
1155,/8_0/exhibitor/exhibitor-details.cfm?exhid=38040
1156,/8_0/exhibitor/exhibitor-details.cfm?exhid=133367
1157,/8_0/exhibitor/exhibitor-details.cfm?exhid=132490-14
1158,/8_0/exhibitor/exhibitor-details.cfm?exhid=223528
1159,/8_0/exhibitor/exhibitor-details.cfm?exhid=105862
1160,/8_0/exhibitor/exhibitor-details.cfm?exhid=S1058
1161,/8_0/exhibitor/exhibitor-details.cfm?exhid=131012-88
1162,/8_0/exhibitor/exhibitor-details.cfm?exhid=211823
1163,/8_0/exhibitor/exhibitor-details.cfm?exhid=258053
1164,/8_0/exhibitor/exhibitor-details.cfm?exhid=131757
1165,/8_0/exhibitor/exhibitor-details.cfm?exhid=131203
1166,/8_0/exhibitor/exhibitor-details.cfm?exhid=39552
1167,/8_0/exhibitor/exhibitor-details.cfm?exhid=305300
1168,/8_0/exhibitor/exhibitor-details.cfm?exhid=103482
1169,/8_0/exhibitor/exhibitor-details.cfm?exhid=122197
1170,/8_0/exhibitor/exhibitor-details.cfm?exhid=305329
1171,/8_0/exhibitor/exhibitor-details.cfm?exhid=101569
1172,/8_0/exhibitor/exhibitor-details.cfm?exhid=245251
1173,/8_0/exhibitor/exhibitor-details.cfm?exhid=301301
1174,/8_0/exhibitor/exhibitor-details.cfm?exhid=301436
1175,/8_0/exhibitor/exhibitor-details.cfm?exhid=127770
1176,/8_0/exhibitor/exhibitor-details.cfm?exhid=133989
1177,/8_0/exhibitor/exhibitor-details.cfm?exhid=S1200
1178,/8_0/exhibitor/exhibitor-details.cfm?exhid=179432
1179,/8_0/exhibitor/exhibitor-details.cfm?exhid=37569
1180,/8_0/exhibitor/exhibitor-details.cfm?exhid=131012-58
1181,/8_0/exhibitor/exhibitor-details.cfm?exhid=10579
1182,/8_0/exhibitor/exhibitor-details.cfm?exhid=116036
1183,/8_0/exhibitor/exhibitor-details.cfm?exhid=104192
1184,/8_0/exhibitor/exhibitor-details.cfm?exhid=134975
1185,/8_0/exhibitor/exhibitor-details.cfm?exhid=S1312
1186,/8_0/exhibitor/exhibitor-details.cfm?exhid=305331
1187,/8_0/exhibitor/exhibitor-details.cfm?exhid=190179
1188,/8_0/exhibitor/exhibitor-details.cfm?exhid=106172
1189,/8_0/exhibitor/exhibitor-details.cfm?exhid=35298-34
1190,/8_0/exhibitor/exhibitor-details.cfm?exhid=1011
1191,/8_0/exhibitor/exhibitor-details.cfm?exhid=35298-23
1192,/8_0/exhibitor/exhibitor-details.cfm?exhid=S1269
1193,/8_0/exhibitor/exhibitor-details.cfm?exhid=305628
1194,/8_0/exhibitor/exhibitor-details.cfm?exhid=131012-21
1195,/8_0/exhibitor/exhibitor-details.cfm?exhid=223353
1196,/8_0/exhibitor/exhibitor-details.cfm?exhid=257975
1197,/8_0/exhibitor/exhibitor-details.cfm?exhid=S1270
1198,/8_0/exhibitor/exhibitor-details.cfm?exhid=7419-41
1199,/8_0/exhibitor/exhibitor-details.cfm?exhid=7419-60
1200,/8_0/exhibitor/exhibitor-details.cfm?exhid=125635
1201,/8_0/exhibitor/exhibitor-details.cfm?exhid=S1185
1202,/8_0/exhibitor/exhibitor-details.cfm?exhid=115443
1203,/8_0/exhibitor/exhibitor-details.cfm?exhid=131012-95
1204,/8_0/exhibitor/exhibitor-details.cfm?exhid=4254-11
1205,/8_0/exhibitor/exhibitor-details.cfm?exhid=223100
1206,/8_0/exhibitor/exhibitor-details.cfm?exhid=305206
1207,/8_0/exhibitor/exhibitor-details.cfm?exhid=305192
1208,/8_0/exhibitor/exhibitor-details.cfm?exhid=35298-18
1209,/8_0/exhibitor/exhibitor-details.cfm?exhid=30011
1210,/8_0/exhibitor/exhibitor-details.cfm?exhid=301332
1211,/8_0/exhibitor/exhibitor-details.cfm?exhid=132503
1212,/8_0/exhibitor/exhibitor-details.cfm?exhid=S1102
1213,/8_0/exhibitor/exhibitor-details.cfm?exhid=268926
1214,/8_0/exhibitor/exhibitor-details.cfm?exhid=305392
1215,/8_0/exhibitor/exhibitor-details.cfm?exhid=130102
1216,/8_0/exhibitor/exhibitor-details.cfm?exhid=301625
1217,/8_0/exhibitor/exhibitor-details.cfm?exhid=301538
1218,/8_0/exhibitor/exhibitor-details.cfm?exhid=305670
1219,/8_0/exhibitor/exhibitor-details.cfm?exhid=4254-5
1220,/8_0/exhibitor/exhibitor-details.cfm?exhid=4254-24
1221,/8_0/exhibitor/exhibitor-details.cfm?exhid=102800
1222,/8_0/exhibitor/exhibitor-details.cfm?exhid=157813
1223,/8_0/exhibitor/exhibitor-details.cfm?exhid=7580
1224,/8_0/exhibitor/exhibitor-details.cfm?exhid=131012-126
1225,/8_0/exhibitor/exhibitor-details.cfm?exhid=131012-31
1226,/8_0/exhibitor/exhibitor-details.cfm?exhid=301381
1227,/8_0/exhibitor/exhibitor-details.cfm?exhid=301103
1228,/8_0/exhibitor/exhibitor-details.cfm?exhid=223402
1229,/8_0/exhibitor/exhibitor-details.cfm?exhid=303372
1230,/8_0/exhibitor/exhibitor-details.cfm?exhid=101299
1231,/8_0/exhibitor/exhibitor-details.cfm?exhid=S1314
1232,/8_0/exhibitor/exhibitor-details.cfm?exhid=115882
1233,/8_0/exhibitor/exhibitor-details.cfm?exhid=131012-148
1234,/8_0/exhibitor/exhibitor-details.cfm?exhid=32189
1235,/8_0/exhibitor/exhibitor-details.cfm?exhid=100081
1236,/8_0/exhibitor/exhibitor-details.cfm?exhid=178375
1237,/8_0/exhibitor/exhibitor-details.cfm?exhid=244252
1238,/8_0/exhibitor/exhibitor-details.cfm?exhid=S1288
1239,/8_0/exhibitor/exhibitor-details.cfm?exhid=302527
1240,/8_0/exhibitor/exhibitor-details.cfm?exhid=134921
1241,/8_0/exhibitor/exhibitor-details.cfm?exhid=131012-44
1242,/8_0/exhibitor/exhibitor-details.cfm?exhid=131012-50
1243,/8_0/exhibitor/exhibitor-details.cfm?exhid=131012-149
1244,/8_0/exhibitor/exhibitor-details.cfm?exhid=131012-30
1245,/8_0/exhibitor/exhibitor-details.cfm?exhid=S1161
1246,/8_0/exhibitor/exhibitor-details.cfm?exhid=131012-61
1247,/8_0/exhibitor/exhibitor-details.cfm?exhid=247106
1248,/8_0/exhibitor/exhibitor-details.cfm?exhid=1410
1249,/8_0/exhibitor/exhibitor-details.cfm?exhid=S1313
1250,/8_0/exhibitor/exhibitor-details.cfm?exhid=134065
1251,/8_0/exhibitor/exhibitor-details.cfm?exhid=131012-80
1252,/8_0/exhibitor/exhibitor-details.cfm?exhid=7211
1253,/8_0/exhibitor/exhibitor-details.cfm?exhid=S1024
1254,/8_0/exhibitor/exhibitor-details.cfm?exhid=301283
1255,/8_0/exhibitor/exhibitor-details.cfm?exhid=301307
1256,/8_0/exhibitor/exhibitor-details.cfm?exhid=268778
1257,/8_0/exhibitor/exhibitor-details.cfm?exhid=305183
1258,/8_0/exhibitor/exhibitor-details.cfm?exhid=S1253
1259,/8_0/exhibitor/exhibitor-details.cfm?exhid=245289
1260,/8_0/exhibitor/exhibitor-details.cfm?exhid=131012-120
1261,/8_0/exhibitor/exhibitor-details.cfm?exhid=212265
1262,/8_0/exhibitor/exhibitor-details.cfm?exhid=S1060
1263,/8_0/exhibitor/exhibitor-details.cfm?exhid=301084
1264,/8_0/exhibitor/exhibitor-details.cfm?exhid=168082
1265,/8_0/exhibitor/exhibitor-details.cfm?exhid=301199
1266,/8_0/exhibitor/exhibitor-details.cfm?exhid=S1315
1267,/8_0/exhibitor/exhibitor-details.cfm?exhid=200970
1268,/8_0/exhibitor/exhibitor-details.cfm?exhid=35699
1269,/8_0/exhibitor/exhibitor-details.cfm?exhid=S1316
1270,/8_0/exhibitor/exhibitor-details.cfm?exhid=131012-79
1271,/8_0/exhibitor/exhibitor-details.cfm?exhid=223865
1272,/8_0/exhibitor/exhibitor-details.cfm?exhid=130556
1273,/8_0/exhibitor/exhibitor-details.cfm?exhid=102952
1274,/8_0/exhibitor/exhibitor-details.cfm?exhid=223205
1275,/8_0/exhibitor/exhibitor-details.cfm?exhid=4254-15
1276,/8_0/exhibitor/exhibitor-details.cfm?exhid=27389
1277,/8_0/exhibitor/exhibitor-details.cfm?exhid=131012-104
1278,/8_0/exhibitor/exhibitor-details.cfm?exhid=300124
1279,/8_0/exhibitor/exhibitor-details.cfm?exhid=223822
1280,/8_0/exhibitor/exhibitor-details.cfm?exhid=124765
1281,/8_0/exhibitor/exhibitor-details.cfm?exhid=S1172
1282,/8_0/exhibitor/exhibitor-details.cfm?exhid=S1203
1283,/8_0/exhibitor/exhibitor-details.cfm?exhid=131012-135
1284,/8_0/exhibitor/exhibitor-details.cfm?exhid=131012-118
1285,/8_0/exhibitor/exhibitor-details.cfm?exhid=131012-20
1286,/8_0/exhibitor/exhibitor-details.cfm?exhid=131012-98
1287,/8_0/exhibitor/exhibitor-details.cfm?exhid=1634
1288,/8_0/exhibitor/exhibitor-details.cfm?exhid=S1340
1289,/8_0/exhibitor/exhibitor-details.cfm?exhid=132490-8
1290,/8_0/exhibitor/exhibitor-details.cfm?exhid=200819
1291,/8_0/exhibitor/exhibitor-details.cfm?exhid=S1129
1292,/8_0/exhibitor/exhibitor-details.cfm?exhid=S1012
1293,/8_0/exhibitor/exhibitor-details.cfm?exhid=305323
1294,/8_0/exhibitor/exhibitor-details.cfm?exhid=131012-15
1295,/8_0/exhibitor/exhibitor-details.cfm?exhid=1287
1296,/8_0/exhibitor/exhibitor-details.cfm?exhid=1260
1297,/8_0/exhibitor/exhibitor-details.cfm?exhid=157597
1298,/8_0/exhibitor/exhibitor-details.cfm?exhid=131012-46
1299,/8_0/exhibitor/exhibitor-details.cfm?exhid=8085
1300,/8_0/exhibitor/exhibitor-details.cfm?exhid=27784
1301,/8_0/exhibitor/exhibitor-details.cfm?exhid=29308
1302,/8_0/exhibitor/exhibitor-details.cfm?exhid=35839
1303,/8_0/exhibitor/exhibitor-details.cfm?exhid=116189
1304,/8_0/exhibitor/exhibitor-details.cfm?exhid=35298-46
1305,/8_0/exhibitor/exhibitor-details.cfm?exhid=305982
1306,/8_0/exhibitor/exhibitor-details.cfm?exhid=223859
1307,/8_0/exhibitor/exhibitor-details.cfm?exhid=301553
1308,/8_0/exhibitor/exhibitor-details.cfm?exhid=10155
1309,/8_0/exhibitor/exhibitor-details.cfm?exhid=244021
1310,/8_0/exhibitor/exhibitor-details.cfm?exhid=131012-167
1311,/8_0/exhibitor/exhibitor-details.cfm?exhid=101702
1312,/8_0/exhibitor/exhibitor-details.cfm?exhid=27955
1313,/8_0/exhibitor/exhibitor-details.cfm?exhid=3226
1314,/8_0/exhibitor/exhibitor-details.cfm?exhid=301195
1315,/8_0/exhibitor/exhibitor-details.cfm?exhid=41920
1316,/8_0/exhibitor/exhibitor-details.cfm?exhid=155949
1317,/8_0/exhibitor/exhibitor-details.cfm?exhid=10760
1318,/8_0/exhibitor/exhibitor-details.cfm?exhid=246820
1319,/8_0/exhibitor/exhibitor-details.cfm?exhid=168052
1320,/8_0/exhibitor/exhibitor-details.cfm?exhid=245230
1321,/8_0/exhibitor/exhibitor-details.cfm?exhid=157412
1322,/8_0/exhibitor/exhibitor-details.cfm?exhid=39799
1323,/8_0/exhibitor/exhibitor-details.cfm?exhid=305596
1324,/8_0/exhibitor/exhibitor-details.cfm?exhid=178843
1325,/8_0/exhibitor/exhibitor-details.cfm?exhid=35298-29
1326,/8_0/exhibitor/exhibitor-details.cfm?exhid=4254-9
1327,/8_0/exhibitor/exhibitor-details.cfm?exhid=1264
1328,/8_0/exhibitor/exhibitor-details.cfm?exhid=131542
1329,/8_0/exhibitor/exhibitor-details.cfm?exhid=129349
1330,/8_0/exhibitor/exhibitor-details.cfm?exhid=157483
1331,/8_0/exhibitor/exhibitor-details.cfm?exhid=305635
1332,/8_0/exhibitor/exhibitor-details.cfm?exhid=S1130
1333,/8_0/exhibitor/exhibitor-details.cfm?exhid=S1008
1334,/8_0/exhibitor/exhibitor-details.cfm?exhid=S1022
1335,/8_0/exhibitor/exhibitor-details.cfm?exhid=302521
1336,/8_0/exhibitor/exhibitor-details.cfm?exhid=S1246
1337,/8_0/exhibitor/exhibitor-details.cfm?exhid=305301
1338,/8_0/exhibitor/exhibitor-details.cfm?exhid=132490-30
1339,/8_0/exhibitor/exhibitor-details.cfm?exhid=301290
1340,/8_0/exhibitor/exhibitor-details.cfm?exhid=305840
1341,/8_0/exhibitor/exhibitor-details.cfm?exhid=305320
1342,/8_0/exhibitor/exhibitor-details.cfm?exhid=S1063
1343,/8_0/exhibitor/exhibitor-details.cfm?exhid=1268
1344,/8_0/exhibitor/exhibitor-details.cfm?exhid=303278
1345,/8_0/exhibitor/exhibitor-details.cfm?exhid=S1170
1346,/8_0/exhibitor/exhibitor-details.cfm?exhid=4254-32
1347,/8_0/exhibitor/exhibitor-details.cfm?exhid=132490-22
1348,/8_0/exhibitor/exhibitor-details.cfm?exhid=212422
1349,/8_0/exhibitor/exhibitor-details.cfm?exhid=104331
1350,/8_0/exhibitor/exhibitor-details.cfm?exhid=118405
1351,/8_0/exhibitor/exhibitor-details.cfm?exhid=129066
1352,/8_0/exhibitor/exhibitor-details.cfm?exhid=39203
1353,/8_0/exhibitor/exhibitor-details.cfm?exhid=179064
1354,/8_0/exhibitor/exhibitor-details.cfm?exhid=305433
1355,/8_0/exhibitor/exhibitor-details.cfm?exhid=7419-23
1356,/8_0/exhibitor/exhibitor-details.cfm?exhid=116671
1357,/8_0/exhibitor/exhibitor-details.cfm?exhid=S1047
1358,/8_0/exhibitor/exhibitor-details.cfm?exhid=4254-26
1359,/8_0/exhibitor/exhibitor-details.cfm?exhid=4254-6
1360,/8_0/exhibitor/exhibitor-details.cfm?exhid=131012-17
1361,/8_0/exhibitor/exhibitor-details.cfm?exhid=7369
1362,/8_0/exhibitor/exhibitor-details.cfm?exhid=302529
1363,/8_0/exhibitor/exhibitor-details.cfm?exhid=101852
1364,/8_0/exhibitor/exhibitor-details.cfm?exhid=131012-169
1365,/8_0/exhibitor/exhibitor-details.cfm?exhid=S1165
1366,/8_0/exhibitor/exhibitor-details.cfm?exhid=223274
1367,/8_0/exhibitor/exhibitor-details.cfm?exhid=2157
1368,/8_0/exhibitor/exhibitor-details.cfm?exhid=36921
1369,/8_0/exhibitor/exhibitor-details.cfm?exhid=301271
1370,/8_0/exhibitor/exhibitor-details.cfm?exhid=245879
1371,/8_0/exhibitor/exhibitor-details.cfm?exhid=2550
1372,/8_0/exhibitor/exhibitor-details.cfm?exhid=108765
1373,/8_0/exhibitor/exhibitor-details.cfm?exhid=132490-24
1374,/8_0/exhibitor/exhibitor-details.cfm?exhid=107770
1375,/8_0/exhibitor/exhibitor-details.cfm?exhid=131917
1376,/8_0/exhibitor/exhibitor-details.cfm?exhid=S1180
1377,/8_0/exhibitor/exhibitor-details.cfm?exhid=244875
1378,/8_0/exhibitor/exhibitor-details.cfm?exhid=127899
1379,/8_0/exhibitor/exhibitor-details.cfm?exhid=27665
1380,/8_0/exhibitor/exhibitor-details.cfm?exhid=39030
1381,/8_0/exhibitor/exhibitor-details.cfm?exhid=129419
1382,/8_0/exhibitor/exhibitor-details.cfm?exhid=131012-128
1383,/8_0/exhibitor/exhibitor-details.cfm?exhid=8901
1384,/8_0/exhibitor/exhibitor-details.cfm?exhid=1281
1385,/8_0/exhibitor/exhibitor-details.cfm?exhid=302233
1386,/8_0/exhibitor/exhibitor-details.cfm?exhid=S1166
1387,/8_0/exhibitor/exhibitor-details.cfm?exhid=42238
1388,/8_0/exhibitor/exhibitor-details.cfm?exhid=4046
1389,/8_0/exhibitor/exhibitor-details.cfm?exhid=S1013
1390,/8_0/exhibitor/exhibitor-details.cfm?exhid=155758
1391,/8_0/exhibitor/exhibitor-details.cfm?exhid=132490-17
1392,/8_0/exhibitor/exhibitor-details.cfm?exhid=301798
1393,/8_0/exhibitor/exhibitor-details.cfm?exhid=S1031
1394,/8_0/exhibitor/exhibitor-details.cfm?exhid=223632
1395,/8_0/exhibitor/exhibitor-details.cfm?exhid=S1195
1396,/8_0/exhibitor/exhibitor-details.cfm?exhid=35914
1397,/8_0/exhibitor/exhibitor-details.cfm?exhid=268977
1398,/8_0/exhibitor/exhibitor-details.cfm?exhid=118855
1399,/8_0/exhibitor/exhibitor-details.cfm?exhid=246079
1400,/8_0/exhibitor/exhibitor-details.cfm?exhid=305702
1401,/8_0/exhibitor/exhibitor-details.cfm?exhid=268675
1402,/8_0/exhibitor/exhibitor-details.cfm?exhid=301286
1403,/8_0/exhibitor/exhibitor-details.cfm?exhid=S1290
1404,/8_0/exhibitor/exhibitor-details.cfm?exhid=155850
1405,/8_0/exhibitor/exhibitor-details.cfm?exhid=244474
1406,/8_0/exhibitor/exhibitor-details.cfm?exhid=S1319
1407,/8_0/exhibitor/exhibitor-details.cfm?exhid=301013
1408,/8_0/exhibitor/exhibitor-details.cfm?exhid=131012-37
1409,/8_0/exhibitor/exhibitor-details.cfm?exhid=129640
1410,/8_0/exhibitor/exhibitor-details.cfm?exhid=133732
1411,/8_0/exhibitor/exhibitor-details.cfm?exhid=300329
1412,/8_0/exhibitor/exhibitor-details.cfm?exhid=305790
1413,/8_0/exhibitor/exhibitor-details.cfm?exhid=7326
1414,/8_0/exhibitor/exhibitor-details.cfm?exhid=1285
1415,/8_0/exhibitor/exhibitor-details.cfm?exhid=122970
1416,/8_0/exhibitor/exhibitor-details.cfm?exhid=268463
1417,/8_0/exhibitor/exhibitor-details.cfm?exhid=4254-35
1418,/8_0/exhibitor/exhibitor-details.cfm?exhid=301130
1419,/8_0/exhibitor/exhibitor-details.cfm?exhid=27324
1420,/8_0/exhibitor/exhibitor-details.cfm?exhid=246137
1421,/8_0/exhibitor/exhibitor-details.cfm?exhid=35298-40
1422,/8_0/exhibitor/exhibitor-details.cfm?exhid=211919
1423,/8_0/exhibitor/exhibitor-details.cfm?exhid=S1241
1424,/8_0/exhibitor/exhibitor-details.cfm?exhid=301323
1425,/8_0/exhibitor/exhibitor-details.cfm?exhid=155923
1426,/8_0/exhibitor/exhibitor-details.cfm?exhid=212594
1427,/8_0/exhibitor/exhibitor-details.cfm?exhid=211347
1428,/8_0/exhibitor/exhibitor-details.cfm?exhid=131012-138
1429,/8_0/exhibitor/exhibitor-details.cfm?exhid=S1328
1430,/8_0/exhibitor/exhibitor-details.cfm?exhid=1532
1431,/8_0/exhibitor/exhibitor-details.cfm?exhid=131012-119
1432,/8_0/exhibitor/exhibitor-details.cfm?exhid=121596
1433,/8_0/exhibitor/exhibitor-details.cfm?exhid=301297
1434,/8_0/exhibitor/exhibitor-details.cfm?exhid=7419-10
1435,/8_0/exhibitor/exhibitor-details.cfm?exhid=244997
1436,/8_0/exhibitor/exhibitor-details.cfm?exhid=301139
1437,/8_0/exhibitor/exhibitor-details.cfm?exhid=29304
1438,/8_0/exhibitor/exhibitor-details.cfm?exhid=301677
1439,/8_0/exhibitor/exhibitor-details.cfm?exhid=113509
1440,/8_0/exhibitor/exhibitor-details.cfm?exhid=131012-69
1441,/8_0/exhibitor/exhibitor-details.cfm?exhid=305310
1442,/8_0/exhibitor/exhibitor-details.cfm?exhid=223026
1443,/8_0/exhibitor/exhibitor-details.cfm?exhid=131006
1444,/8_0/exhibitor/exhibitor-details.cfm?exhid=S1062
1445,/8_0/exhibitor/exhibitor-details.cfm?exhid=7137
1446,/8_0/exhibitor/exhibitor-details.cfm?exhid=131012-99
1447,/8_0/exhibitor/exhibitor-details.cfm?exhid=1487
1448,/8_0/exhibitor/exhibitor-details.cfm?exhid=S1189
1449,/8_0/exhibitor/exhibitor-details.cfm?exhid=S1188
1450,/8_0/exhibitor/exhibitor-details.cfm?exhid=127315
1451,/8_0/exhibitor/exhibitor-details.cfm?exhid=S1181
1452,/8_0/exhibitor/exhibitor-details.cfm?exhid=233914
1453,/8_0/exhibitor/exhibitor-details.cfm?exhid=S1324
1454,/8_0/exhibitor/exhibitor-details.cfm?exhid=122687
1455,/8_0/exhibitor/exhibitor-details.cfm?exhid=301342
1456,/8_0/exhibitor/exhibitor-details.cfm?exhid=128413
1457,/8_0/exhibitor/exhibitor-details.cfm?exhid=155366
1458,/8_0/exhibitor/exhibitor-details.cfm?exhid=S1248
1459,/8_0/exhibitor/exhibitor-details.cfm?exhid=301692
1460,/8_0/exhibitor/exhibitor-details.cfm?exhid=303431
1461,/8_0/exhibitor/exhibitor-details.cfm?exhid=268973
1462,/8_0/exhibitor/exhibitor-details.cfm?exhid=27146
1463,/8_0/exhibitor/exhibitor-details.cfm?exhid=S1201
1464,/8_0/exhibitor/exhibitor-details.cfm?exhid=S1337
1465,/8_0/exhibitor/exhibitor-details.cfm?exhid=S1196
1466,/8_0/exhibitor/exhibitor-details.cfm?exhid=7268
1467,/8_0/exhibitor/exhibitor-details.cfm?exhid=41566
1468,/8_0/exhibitor/exhibitor-details.cfm?exhid=103037
1469,/8_0/exhibitor/exhibitor-details.cfm?exhid=301394
1470,/8_0/exhibitor/exhibitor-details.cfm?exhid=25771
1471,/8_0/exhibitor/exhibitor-details.cfm?exhid=134027
1472,/8_0/exhibitor/exhibitor-details.cfm?exhid=301120
1473,/8_0/exhibitor/exhibitor-details.cfm?exhid=36342
1474,/8_0/exhibitor/exhibitor-details.cfm?exhid=301052
1475,/8_0/exhibitor/exhibitor-details.cfm?exhid=305267
1476,/8_0/exhibitor/exhibitor-details.cfm?exhid=126181
1477,/8_0/exhibitor/exhibitor-details.cfm?exhid=304128
1478,/8_0/exhibitor/exhibitor-details.cfm?exhid=178417
1479,/8_0/exhibitor/exhibitor-details.cfm?exhid=134635
1480,/8_0/exhibitor/exhibitor-details.cfm?exhid=S1338
1481,/8_0/exhibitor/exhibitor-details.cfm?exhid=111979
1482,/8_0/exhibitor/exhibitor-details.cfm?exhid=302760
1483,/8_0/exhibitor/exhibitor-details.cfm?exhid=130041
1484,/8_0/exhibitor/exhibitor-details.cfm?exhid=246674
1485,/8_0/exhibitor/exhibitor-details.cfm?exhid=179592
1486,/8_0/exhibitor/exhibitor-details.cfm?exhid=31870
1487,/8_0/exhibitor/exhibitor-details.cfm?exhid=179819
1488,/8_0/exhibitor/exhibitor-details.cfm?exhid=301477
1489,/8_0/exhibitor/exhibitor-details.cfm?exhid=305781
1490,/8_0/exhibitor/exhibitor-details.cfm?exhid=103712
1491,/8_0/exhibitor/exhibitor-details.cfm?exhid=245372
1492,/8_0/exhibitor/exhibitor-details.cfm?exhid=123982
1493,/8_0/exhibitor/exhibitor-details.cfm?exhid=117871
1494,/8_0/exhibitor/exhibitor-details.cfm?exhid=8754
1495,/8_0/exhibitor/exhibitor-details.cfm?exhid=121802
1496,/8_0/exhibitor/exhibitor-details.cfm?exhid=130638
1497,/8_0/exhibitor/exhibitor-details.cfm?exhid=S1057
1498,/8_0/exhibitor/exhibitor-details.cfm?exhid=7419-45
1499,/8_0/exhibitor/exhibitor-details.cfm?exhid=131012-170
1500,/8_0/exhibitor/exhibitor-details.cfm?exhid=301310
1501,/8_0/exhibitor/exhibitor-details.cfm?exhid=35298-28
1502,/8_0/exhibitor/exhibitor-details.cfm?exhid=7718
1503,/8_0/exhibitor/exhibitor-details.cfm?exhid=200735
1504,/8_0/exhibitor/exhibitor-details.cfm?exhid=S1160
1505,/8_0/exhibitor/exhibitor-details.cfm?exhid=3620
1506,/8_0/exhibitor/exhibitor-details.cfm?exhid=131012-122
1507,/8_0/exhibitor/exhibitor-details.cfm?exhid=7419-51
1508,/8_0/exhibitor/exhibitor-details.cfm?exhid=S1224
1509,/8_0/exhibitor/exhibitor-details.cfm?exhid=7419-48
1510,/8_0/exhibitor/exhibitor-details.cfm?exhid=131012-62
1511,/8_0/exhibitor/exhibitor-details.cfm?exhid=113840
1512,/8_0/exhibitor/exhibitor-details.cfm?exhid=S1179
1513,/8_0/exhibitor/exhibitor-details.cfm?exhid=305947
1514,/8_0/exhibitor/exhibitor-details.cfm?exhid=7419-50
1515,/8_0/exhibitor/exhibitor-details.cfm?exhid=101558
1516,/8_0/exhibitor/exhibitor-details.cfm?exhid=131012-49
1517,/8_0/exhibitor/exhibitor-details.cfm?exhid=104397
1518,/8_0/exhibitor/exhibitor-details.cfm?exhid=S1295
1519,/8_0/exhibitor/exhibitor-details.cfm?exhid=179773
1520,/8_0/exhibitor/exhibitor-details.cfm?exhid=35298-41
1521,/8_0/exhibitor/exhibitor-details.cfm?exhid=25386
1522,/8_0/exhibitor/exhibitor-details.cfm?exhid=4254-7
1523,/8_0/exhibitor/exhibitor-details.cfm?exhid=131012-117
1524,/8_0/exhibitor/exhibitor-details.cfm?exhid=305225
1525,/8_0/exhibitor/exhibitor-details.cfm?exhid=134595
1526,/8_0/exhibitor/exhibitor-details.cfm?exhid=35298-19
1527,/8_0/exhibitor/exhibitor-details.cfm?exhid=179786
1528,/8_0/exhibitor/exhibitor-details.cfm?exhid=S1071
1529,/8_0/exhibitor/exhibitor-details.cfm?exhid=S1086
1530,/8_0/exhibitor/exhibitor-details.cfm?exhid=212100
1531,/8_0/exhibitor/exhibitor-details.cfm?exhid=35298-17
1532,/8_0/exhibitor/exhibitor-details.cfm?exhid=101589
1533,/8_0/exhibitor/exhibitor-details.cfm?exhid=1142
1534,/8_0/exhibitor/exhibitor-details.cfm?exhid=112479
1535,/8_0/exhibitor/exhibitor-details.cfm?exhid=303691
1536,/8_0/exhibitor/exhibitor-details.cfm?exhid=S1202
1537,/8_0/exhibitor/exhibitor-details.cfm?exhid=7419-62
1538,/8_0/exhibitor/exhibitor-details.cfm?exhid=112285
1539,/8_0/exhibitor/exhibitor-details.cfm?exhid=S1197
1540,/8_0/exhibitor/exhibitor-details.cfm?exhid=131012-14
1541,/8_0/exhibitor/exhibitor-details.cfm?exhid=246891
1542,/8_0/exhibitor/exhibitor-details.cfm?exhid=305839
1543,/8_0/exhibitor/exhibitor-details.cfm?exhid=178430
1544,/8_0/exhibitor/exhibitor-details.cfm?exhid=305442
1545,/8_0/exhibitor/exhibitor-details.cfm?exhid=101496
1546,/8_0/exhibitor/exhibitor-details.cfm?exhid=131012
1547,/8_0/exhibitor/exhibitor-details.cfm?exhid=131012-141
1548,/8_0/exhibitor/exhibitor-details.cfm?exhid=S1162
1549,/8_0/exhibitor/exhibitor-details.cfm?exhid=105453
1550,/8_0/exhibitor/exhibitor-details.cfm?exhid=303440
1551,/8_0/exhibitor/exhibitor-details.cfm?exhid=134429
1552,/8_0/exhibitor/exhibitor-details.cfm?exhid=300654
1553,/8_0/exhibitor/exhibitor-details.cfm?exhid=104091
1554,/8_0/exhibitor/exhibitor-details.cfm?exhid=10787
1555,/8_0/exhibitor/exhibitor-details.cfm?exhid=157218
1556,/8_0/exhibitor/exhibitor-details.cfm?exhid=10810
1557,/8_0/exhibitor/exhibitor-details.cfm?exhid=S1237
1558,/8_0/exhibitor/exhibitor-details.cfm?exhid=301293
1559,/8_0/exhibitor/exhibitor-details.cfm?exhid=117299
1560,/8_0/exhibitor/exhibitor-details.cfm?exhid=212336
1561,/8_0/exhibitor/exhibitor-details.cfm?exhid=S1244
1562,/8_0/exhibitor/exhibitor-details.cfm?exhid=S1280
1563,/8_0/exhibitor/exhibitor-details.cfm?exhid=1445
1564,/8_0/exhibitor/exhibitor-details.cfm?exhid=S1108
1565,/8_0/exhibitor/exhibitor-details.cfm?exhid=S1264
1566,/8_0/exhibitor/exhibitor-details.cfm?exhid=1676
1567,/8_0/exhibitor/exhibitor-details.cfm?exhid=268807
1568,/8_0/exhibitor/exhibitor-details.cfm?exhid=305836
1569,/8_0/exhibitor/exhibitor-details.cfm?exhid=306250
1570,/8_0/exhibitor/exhibitor-details.cfm?exhid=S1153
1571,/8_0/exhibitor/exhibitor-details.cfm?exhid=7419-12
1572,/8_0/exhibitor/exhibitor-details.cfm?exhid=212775
1573,/8_0/exhibitor/exhibitor-details.cfm?exhid=301399
1574,/8_0/exhibitor/exhibitor-details.cfm?exhid=305372
1575,/8_0/exhibitor/exhibitor-details.cfm?exhid=28365
1576,/8_0/exhibitor/exhibitor-details.cfm?exhid=4254-12
1577,/8_0/exhibitor/exhibitor-details.cfm?exhid=108481
1578,/8_0/exhibitor/exhibitor-details.cfm?exhid=301165
1579,/8_0/exhibitor/exhibitor-details.cfm?exhid=134310
1580,/8_0/exhibitor/exhibitor-details.cfm?exhid=34341
1581,/8_0/exhibitor/exhibitor-details.cfm?exhid=7267
1582,/8_0/exhibitor/exhibitor-details.cfm?exhid=301218
1583,/8_0/exhibitor/exhibitor-details.cfm?exhid=305794
1584,/8_0/exhibitor/exhibitor-details.cfm?exhid=S1004
1585,/8_0/exhibitor/exhibitor-details.cfm?exhid=2305
1586,/8_0/exhibitor/exhibitor-details.cfm?exhid=131084
1587,/8_0/exhibitor/exhibitor-details.cfm?exhid=305553
1588,/8_0/exhibitor/exhibitor-details.cfm?exhid=301116
1589,/8_0/exhibitor/exhibitor-details.cfm?exhid=245247
1590,/8_0/exhibitor/exhibitor-details.cfm?exhid=105949
1591,/8_0/exhibitor/exhibitor-details.cfm?exhid=211343
1592,/8_0/exhibitor/exhibitor-details.cfm?exhid=S1132
1593,/8_0/exhibitor/exhibitor-details.cfm?exhid=131012-156
1594,/8_0/exhibitor/exhibitor-details.cfm?exhid=S1142
1595,/8_0/exhibitor/exhibitor-details.cfm?exhid=305812
1596,/8_0/exhibitor/exhibitor-details.cfm?exhid=130898
1597,/8_0/exhibitor/exhibitor-details.cfm?exhid=1311
1598,/8_0/exhibitor/exhibitor-details.cfm?exhid=301396
1599,/8_0/exhibitor/exhibitor-details.cfm?exhid=301136
1600,/8_0/exhibitor/exhibitor-details.cfm?exhid=38058
1601,/8_0/exhibitor/exhibitor-details.cfm?exhid=305776
1602,/8_0/exhibitor/exhibitor-details.cfm?exhid=223830
1603,/8_0/exhibitor/exhibitor-details.cfm?exhid=S1139
1604,/8_0/exhibitor/exhibitor-details.cfm?exhid=245419
1605,/8_0/exhibitor/exhibitor-details.cfm?exhid=305841
1606,/8_0/exhibitor/exhibitor-details.cfm?exhid=134341
1607,/8_0/exhibitor/exhibitor-details.cfm?exhid=28492
1608,/8_0/exhibitor/exhibitor-details.cfm?exhid=35298-13
1609,/8_0/exhibitor/exhibitor-details.cfm?exhid=200866
1610,/8_0/exhibitor/exhibitor-details.cfm?exhid=3902
1611,/8_0/exhibitor/exhibitor-details.cfm?exhid=35298-22
1612,/8_0/exhibitor/exhibitor-details.cfm?exhid=35298-39
1613,/8_0/exhibitor/exhibitor-details.cfm?exhid=S1017
1614,/8_0/exhibitor/exhibitor-details.cfm?exhid=1248
1615,/8_0/exhibitor/exhibitor-details.cfm?exhid=1535
1616,/8_0/exhibitor/exhibitor-details.cfm?exhid=104701
1617,/8_0/exhibitor/exhibitor-details.cfm?exhid=2196
1618,/8_0/exhibitor/exhibitor-details.cfm?exhid=1191
1619,/8_0/exhibitor/exhibitor-details.cfm?exhid=301502
1620,/8_0/exhibitor/exhibitor-details.cfm?exhid=2290
1621,/8_0/exhibitor/exhibitor-details.cfm?exhid=301435
1622,/8_0/exhibitor/exhibitor-details.cfm?exhid=S1007
1623,/8_0/exhibitor/exhibitor-details.cfm?exhid=211915
1624,/8_0/exhibitor/exhibitor-details.cfm?exhid=133925
1625,/8_0/exhibitor/exhibitor-details.cfm?exhid=S1251
1626,/8_0/exhibitor/exhibitor-details.cfm?exhid=301098
1627,/8_0/exhibitor/exhibitor-details.cfm?exhid=190098
1628,/8_0/exhibitor/exhibitor-details.cfm?exhid=S1239
1629,/8_0/exhibitor/exhibitor-details.cfm?exhid=305999
1630,/8_0/exhibitor/exhibitor-details.cfm?exhid=S1140
1631,/8_0/exhibitor/exhibitor-details.cfm?exhid=7419-56
1632,/8_0/exhibitor/exhibitor-details.cfm?exhid=269200
1633,/8_0/exhibitor/exhibitor-details.cfm?exhid=S1240
1634,/8_0/exhibitor/exhibitor-details.cfm?exhid=212463
1635,/8_0/exhibitor/exhibitor-details.cfm?exhid=304141
1636,/8_0/exhibitor/exhibitor-details.cfm?exhid=304141
1637,/8_0/exhibitor/exhibitor-details.cfm?exhid=131012-10
1638,/8_0/exhibitor/exhibitor-details.cfm?exhid=129144
1639,/8_0/exhibitor/exhibitor-details.cfm?exhid=131284
1640,/8_0/exhibitor/exhibitor-details.cfm?exhid=132490-26
1641,/8_0/exhibitor/exhibitor-details.cfm?exhid=301550
1642,/8_0/exhibitor/exhibitor-details.cfm?exhid=178275
1643,/8_0/exhibitor/exhibitor-details.cfm?exhid=190145
1644,/8_0/exhibitor/exhibitor-details.cfm?exhid=131012-36
1645,/8_0/exhibitor/exhibitor-details.cfm?exhid=2576
1646,/8_0/exhibitor/exhibitor-details.cfm?exhid=120607
1647,/8_0/exhibitor/exhibitor-details.cfm?exhid=305681
1648,/8_0/exhibitor/exhibitor-details.cfm?exhid=32922
1649,/8_0/exhibitor/exhibitor-details.cfm?exhid=302008
