"""https://api.okendo.io/v1/stores/9ed732d2-08cf-4af0-97ff-bcc53f62e80b/products/shopify-7913106760/reviews?limit=5&orderBy=date%20desc&lastEvaluated=%7B%22subscriberId%22%3A%229ed732d2-08cf-4af0-97ff-bcc53f62e80b%22%2C%22dateCreated%22%3A%222022-02-04T16%3A27%3A42.000Z%22%2C%22subscriberId_productId%22%3A%229ed732d2-08cf-4af0-97ff-bcc53f62e80b%3Ashopify-7913106760%22%2C%22reviewId%22%3A%220144be45-aba5-4101-b19c-bca8758100f0%22%7D"","
"""https://api.okendo.io/v1/stores/9ed732d2-08cf-4af0-97ff-bcc53f62e80b/products/shopify-4667548172363/reviews?limit=5&orderBy=date%20desc&lastEvaluated=%7B%22subscriberId%22%3A%229ed732d2-08cf-4af0-97ff-bcc53f62e80b%22%2C%22dateCreated%22%3A%222022-02-01T19%3A41%3A49.000Z%22%2C%22subscriberId_productId%22%3A%229ed732d2-08cf-4af0-97ff-bcc53f62e80b%3Ashopify-4667548172363%22%2C%22reviewId%22%3A%22ef05a990-939c-4da7-9a5c-424d72372fdc%22%7D"","
"""https://api.okendo.io/v1/stores/9ed732d2-08cf-4af0-97ff-bcc53f62e80b/products/shopify-6656271679563/reviews?limit=5&orderBy=date%20desc&lastEvaluated=%7B%22subscriberId%22%3A%229ed732d2-08cf-4af0-97ff-bcc53f62e80b%22%2C%22dateCreated%22%3A%222022-03-24T23%3A49%3A41.000Z%22%2C%22subscriberId_productId%22%3A%229ed732d2-08cf-4af0-97ff-bcc53f62e80b%3Ashopify-6656271679563%22%2C%22reviewId%22%3A%22c8446fd5-b6b9-4b43-a2c7-e592efefda4f%22%7D"","
"""https://api.okendo.io/v1/stores/9ed732d2-08cf-4af0-97ff-bcc53f62e80b/products/shopify-6657074397259/reviews?limit=5&orderBy=date%20desc&lastEvaluated=%7B%22subscriberId%22%3A%229ed732d2-08cf-4af0-97ff-bcc53f62e80b%22%2C%22dateCreated%22%3A%222022-03-23T14%3A06%3A01.000Z%22%2C%22subscriberId_productId%22%3A%229ed732d2-08cf-4af0-97ff-bcc53f62e80b%3Ashopify-6657074397259%22%2C%22reviewId%22%3A%229490f30a-13c0-4d72-9816-103d179a2689%22%7D"","
"""https://api.okendo.io/v1/stores/9ed732d2-08cf-4af0-97ff-bcc53f62e80b/products/shopify-7913119624/reviews?limit=5&orderBy=date%20desc&lastEvaluated=%7B%22subscriberId%22%3A%229ed732d2-08cf-4af0-97ff-bcc53f62e80b%22%2C%22dateCreated%22%3A%222022-02-03T18%3A36%3A34.000Z%22%2C%22subscriberId_productId%22%3A%229ed732d2-08cf-4af0-97ff-bcc53f62e80b%3Ashopify-7913119624%22%2C%22reviewId%22%3A%22ab7b1fac-4173-4703-a728-63e3196b4464%22%7D"","
"""https://api.okendo.io/v1/stores/9ed732d2-08cf-4af0-97ff-bcc53f62e80b/products/shopify-4731407237195/reviews?limit=5&orderBy=date%20desc&lastEvaluated=%7B%22subscriberId%22%3A%229ed732d2-08cf-4af0-97ff-bcc53f62e80b%22%2C%22dateCreated%22%3A%222022-01-24T07%3A39%3A43.000Z%22%2C%22subscriberId_productId%22%3A%229ed732d2-08cf-4af0-97ff-bcc53f62e80b%3Ashopify-4731407237195%22%2C%22reviewId%22%3A%22b3353a65-aeb4-44ee-85ac-453f58156f89%22%7D"","
"""https://api.okendo.io/v1/stores/9ed732d2-08cf-4af0-97ff-bcc53f62e80b/products/shopify-7913126984/reviews?limit=5&orderBy=date%20desc&lastEvaluated=%7B%22subscriberId%22%3A%229ed732d2-08cf-4af0-97ff-bcc53f62e80b%22%2C%22dateCreated%22%3A%222022-02-04T15%3A51%3A50.000Z%22%2C%22subscriberId_productId%22%3A%229ed732d2-08cf-4af0-97ff-bcc53f62e80b%3Ashopify-7913126984%22%2C%22reviewId%22%3A%22932803fc-f3c7-4fef-b385-f70a326d628f%22%7D"","
"""https://api.okendo.io/v1/stores/9ed732d2-08cf-4af0-97ff-bcc53f62e80b/products/shopify-7913125128/reviews?limit=5&orderBy=date%20desc&lastEvaluated=%7B%22subscriberId%22%3A%229ed732d2-08cf-4af0-97ff-bcc53f62e80b%22%2C%22dateCreated%22%3A%222022-02-03T04%3A55%3A47.000Z%22%2C%22subscriberId_productId%22%3A%229ed732d2-08cf-4af0-97ff-bcc53f62e80b%3Ashopify-7913125128%22%2C%22reviewId%22%3A%227fa3f7b7-b8f1-4e10-af68-1962b636ed5f%22%7D"","
"""https://api.okendo.io/v1/stores/9ed732d2-08cf-4af0-97ff-bcc53f62e80b/products/shopify-4637150806091/reviews?limit=5&orderBy=date%20desc&lastEvaluated=%7B%22subscriberId%22%3A%229ed732d2-08cf-4af0-97ff-bcc53f62e80b%22%2C%22dateCreated%22%3A%222022-02-03T22%3A53%3A28.000Z%22%2C%22subscriberId_productId%22%3A%229ed732d2-08cf-4af0-97ff-bcc53f62e80b%3Ashopify-4637150806091%22%2C%22reviewId%22%3A%22f0292661-397c-41e4-bdd6-a29508cbb0dd%22%7D"","
"""https://api.okendo.io/v1/stores/9ed732d2-08cf-4af0-97ff-bcc53f62e80b/products/shopify-6555910537291/reviews?limit=5&orderBy=date%20desc&lastEvaluated=%7B%22subscriberId%22%3A%229ed732d2-08cf-4af0-97ff-bcc53f62e80b%22%2C%22dateCreated%22%3A%222022-02-04T14%3A54%3A49.000Z%22%2C%22subscriberId_productId%22%3A%229ed732d2-08cf-4af0-97ff-bcc53f62e80b%3Ashopify-6555910537291%22%2C%22reviewId%22%3A%224b9f4e0d-37a3-45e5-8c9d-033f88c1667e%22%7D"","
"""https://api.okendo.io/v1/stores/9ed732d2-08cf-4af0-97ff-bcc53f62e80b/products/shopify-7913117512/reviews?limit=5&orderBy=date%20desc&lastEvaluated=%7B%22subscriberId%22%3A%229ed732d2-08cf-4af0-97ff-bcc53f62e80b%22%2C%22dateCreated%22%3A%222022-01-29T18%3A21%3A27.000Z%22%2C%22subscriberId_productId%22%3A%229ed732d2-08cf-4af0-97ff-bcc53f62e80b%3Ashopify-7913117512%22%2C%22reviewId%22%3A%226e8a2199-0029-4b1e-a3e9-8b03cf4e3596%22%7D"","
"""https://api.okendo.io/v1/stores/9ed732d2-08cf-4af0-97ff-bcc53f62e80b/products/shopify-4599757602891/reviews?limit=5&orderBy=date%20desc&lastEvaluated=%7B%22subscriberId%22%3A%229ed732d2-08cf-4af0-97ff-bcc53f62e80b%22%2C%22dateCreated%22%3A%222022-02-04T20%3A08%3A55.000Z%22%2C%22subscriberId_productId%22%3A%229ed732d2-08cf-4af0-97ff-bcc53f62e80b%3Ashopify-4599757602891%22%2C%22reviewId%22%3A%2232589bf5-8c6b-484a-95fc-c3a702fd6985%22%7D"","
"""https://api.okendo.io/v1/stores/9ed732d2-08cf-4af0-97ff-bcc53f62e80b/products/shopify-4346229915723/reviews?limit=5&orderBy=date%20desc&lastEvaluated=%7B%22subscriberId%22%3A%229ed732d2-08cf-4af0-97ff-bcc53f62e80b%22%2C%22dateCreated%22%3A%222022-02-02T23%3A18%3A42.000Z%22%2C%22subscriberId_productId%22%3A%229ed732d2-08cf-4af0-97ff-bcc53f62e80b%3Ashopify-4346229915723%22%2C%22reviewId%22%3A%2227413dff-c956-4106-92a7-70496c064f14%22%7D"","
"""https://api.okendo.io/v1/stores/9ed732d2-08cf-4af0-97ff-bcc53f62e80b/products/shopify-6564299964491/reviews?limit=5&orderBy=date%20desc&lastEvaluated=%7B%22subscriberId%22%3A%229ed732d2-08cf-4af0-97ff-bcc53f62e80b%22%2C%22dateCreated%22%3A%222022-02-02T12%3A25%3A25.000Z%22%2C%22subscriberId_productId%22%3A%229ed732d2-08cf-4af0-97ff-bcc53f62e80b%3Ashopify-6564299964491%22%2C%22reviewId%22%3A%22c0cd3f4b-1bb7-46a6-bf14-37343cea98a9%22%7D"","
"""https://api.okendo.io/v1/stores/9ed732d2-08cf-4af0-97ff-bcc53f62e80b/products/shopify-4097640038475/reviews?limit=5&orderBy=date%20desc&lastEvaluated=%7B%22subscriberId%22%3A%229ed732d2-08cf-4af0-97ff-bcc53f62e80b%22%2C%22dateCreated%22%3A%222022-02-02T18%3A23%3A31.000Z%22%2C%22subscriberId_productId%22%3A%229ed732d2-08cf-4af0-97ff-bcc53f62e80b%3Ashopify-4097640038475%22%2C%22reviewId%22%3A%22be1f6b7d-e3bf-4ecf-855e-acc5bc86c739%22%7D"","